image_name,RShoulderPitch,RShoulderRoll,RElbowYaw,RElbowRoll,RWristYaw,RHand
image_from_nao_ball_nort_west20.png,0.598302,0.314159,0.079726,0.135034,-0.274628,0.396000
image_from_nao_ball_nort_west97.png,0.598302,0.314159,0.079726,0.135034,-0.274628,0.396000
image_from_nao_ball_on_the_right45.png,0.694944,-0.092082,0.226990,0.378940,-0.285366,0.268800
image_from_nao_ball_on_the_right_of_the_guy14.png,0.776246,-0.072140,0.226990,0.960326,-0.589098,0.346400
image_from_nao_ball_on_the_right_of_the_guy20.png,0.776246,-0.072140,0.226990,0.960326,-0.589098,0.346400
image_from_nao_ball_on_the_right_of_the_guy9.png,0.776246,-0.072140,0.226990,0.960326,-0.589098,0.346400
image_from_nao45.png,0.467912,0.032172,-0.527738,0.523136,0.062852,0.977600
image_from_nao_ball_south_east73.png,0.782382,-0.345192,0.223922,0.934248,-0.421892,0.264800
image_from_nao_ball_on_the_right40.png,0.694944,-0.092082,0.226990,0.378940,-0.285366,0.268800
image_from_nao_ball_between_up69.png,0.587564,-0.075208,0.223922,0.371270,-0.282298,0.395200
image_from_nao_ball_back_leg68.png,0.558418,0.184038,0.072056,0.124296,-0.044528,0.436400
image_from_nao_ball_nort_west24.png,0.598302,0.314159,0.079726,0.135034,-0.274628,0.396000
image_from_nao_ball_on_the_right_of_the_guy74.png,0.776246,-0.072140,0.226990,0.960326,-0.589098,0.346400
image_from_nao_ball_on_the_left0.png,0.656594,0.314159,-0.308376,0.335988,-0.027654,0.273600
image_from_nao_ball_between_up89.png,0.587564,-0.075208,0.223922,0.371270,-0.282298,0.395200
image_from_nao_ball_nort_west13.png,0.598302,0.314159,0.079726,0.135034,-0.274628,0.396000
image_from_nao_ball_nort_west85.png,0.598302,0.314159,0.079726,0.135034,-0.274628,0.396000
image_from_nao_ball_south_east63.png,0.782382,-0.345192,0.223922,0.934248,-0.421892,0.264800
image_from_nao_ball_between_up99.png,0.587564,-0.075208,0.223922,0.371270,-0.282298,0.395200
image_from_nao_ball_back_leg36.png,0.558418,0.184038,0.072056,0.124296,-0.044528,0.436400
image_from_nao_ball_south_east28.png,0.782382,-0.345192,0.223922,0.934248,-0.421892,0.264800
image_from_nao_ball_back_leg56.png,0.558418,0.184038,0.072056,0.124296,-0.044528,0.436400
image_from_nao_ball_on_the_right52.png,0.694944,-0.092082,0.226990,0.378940,-0.285366,0.268800
image_from_nao_ball_overhead25.png,0.498592,-0.239346,-0.282298,1.041628,-0.118160,0.380400
image_from_nao_ball_between_up23.png,0.587564,-0.075208,0.223922,0.371270,-0.282298,0.395200
image_from_nao_ball_south_east49.png,0.782382,-0.345192,0.223922,0.934248,-0.421892,0.264800
image_from_nao7.png,0.467912,0.032172,-0.527738,0.523136,0.062852,0.977600
image_from_nao_ball_south_east79.png,0.782382,-0.345192,0.223922,0.934248,-0.421892,0.264800
image_from_nao_ball_between_up8.png,0.587564,-0.075208,0.223922,0.371270,-0.282298,0.395200
image_from_nao_ball_on_the_right76.png,0.694944,-0.092082,0.226990,0.378940,-0.285366,0.268800
image_from_nao_ball_on_the_right_of_the_guy90.png,0.776246,-0.072140,0.226990,0.960326,-0.589098,0.346400
image_from_nao_ball_between_up73.png,0.587564,-0.075208,0.223922,0.371270,-0.282298,0.395200
image_from_nao_ball_back_leg23.png,0.558418,0.184038,0.072056,0.124296,-0.044528,0.436400
image_from_nao30.png,0.467912,0.032172,-0.527738,0.523136,0.062852,0.977600
image_from_nao_ball_on_the_right86.png,0.694944,-0.092082,0.226990,0.378940,-0.285366,0.268800
image_from_nao_ball_between_up96.png,0.587564,-0.075208,0.223922,0.371270,-0.282298,0.395200
image_from_nao_ball_overhead71.png,0.498592,-0.239346,-0.282298,1.041628,-0.118160,0.380400
image_from_nao_ball_overhead98.png,0.498592,-0.239346,-0.282298,1.041628,-0.118160,0.380400
image_from_nao84.png,0.467912,0.032172,-0.527738,0.523136,0.062852,0.977600
image_from_nao_ball_between_up83.png,0.587564,-0.075208,0.223922,0.371270,-0.282298,0.395200
image_from_nao_ball_south_east99.png,0.782382,-0.345192,0.223922,0.934248,-0.421892,0.264800
image_from_nao_ball_nort_west28.png,0.598302,0.314159,0.079726,0.135034,-0.274628,0.396000
image_from_nao_ball_overhead0.png,0.498592,-0.239346,-0.282298,1.041628,-0.118160,0.380400
image_from_nao_ball_south_east64.png,0.782382,-0.345192,0.223922,0.934248,-0.421892,0.264800
image_from_nao_ball_on_the_left33.png,0.656594,0.314159,-0.308376,0.335988,-0.027654,0.273600
image_from_nao_ball_back_leg72.png,0.558418,0.184038,0.072056,0.124296,-0.044528,0.436400
image_from_nao_ball_on_the_right62.png,0.694944,-0.092082,0.226990,0.378940,-0.285366,0.268800
image_from_nao_ball_between_up79.png,0.587564,-0.075208,0.223922,0.371270,-0.282298,0.395200
image_from_nao_ball_overhead2.png,0.498592,-0.239346,-0.282298,1.041628,-0.118160,0.380400
image_from_nao_ball_nort_west59.png,0.598302,0.314159,0.079726,0.135034,-0.274628,0.396000
image_from_nao80.png,0.467912,0.032172,-0.527738,0.523136,0.062852,0.977600
image_from_nao_ball_overhead24.png,0.498592,-0.239346,-0.282298,1.041628,-0.118160,0.380400
image_from_nao_ball_on_the_left36.png,0.656594,0.314159,-0.308376,0.335988,-0.027654,0.273600
image_from_nao_ball_on_the_left49.png,0.656594,0.314159,-0.308376,0.335988,-0.027654,0.273600
image_from_nao_ball_overhead22.png,0.498592,-0.239346,-0.282298,1.041628,-0.118160,0.380400
image_from_nao21.png,0.467912,0.032172,-0.527738,0.523136,0.062852,0.977600
image_from_nao_ball_south_east19.png,0.782382,-0.345192,0.223922,0.934248,-0.421892,0.264800
image_from_nao_ball_on_the_right3.png,0.694944,-0.092082,0.226990,0.378940,-0.285366,0.268800
image_from_nao_ball_on_the_left75.png,0.656594,0.314159,-0.308376,0.335988,-0.027654,0.273600
image_from_nao_ball_nort_west47.png,0.598302,0.314159,0.079726,0.135034,-0.274628,0.396000
image_from_nao_ball_between_up97.png,0.587564,-0.075208,0.223922,0.371270,-0.282298,0.395200
image_from_nao_ball_overhead89.png,0.498592,-0.239346,-0.282298,1.041628,-0.118160,0.380400
image_from_nao_ball_nort_west29.png,0.598302,0.314159,0.079726,0.135034,-0.274628,0.396000
image_from_nao_ball_between_up11.png,0.587564,-0.075208,0.223922,0.371270,-0.282298,0.395200
image_from_nao_ball_south_east76.png,0.782382,-0.345192,0.223922,0.934248,-0.421892,0.264800
image_from_nao_ball_on_the_right99.png,0.694944,-0.092082,0.226990,0.378940,-0.285366,0.268800
image_from_nao_ball_nort_west18.png,0.598302,0.314159,0.079726,0.135034,-0.274628,0.396000
image_from_nao_ball_south_east38.png,0.782382,-0.345192,0.223922,0.934248,-0.421892,0.264800
image_from_nao_ball_on_the_right32.png,0.694944,-0.092082,0.226990,0.378940,-0.285366,0.268800
image_from_nao_ball_between_up75.png,0.587564,-0.075208,0.223922,0.371270,-0.282298,0.395200
image_from_nao_ball_between_up30.png,0.587564,-0.075208,0.223922,0.371270,-0.282298,0.395200
image_from_nao_ball_overhead94.png,0.498592,-0.239346,-0.282298,1.041628,-0.118160,0.380400
image_from_nao_ball_back_leg66.png,0.558418,0.184038,0.072056,0.124296,-0.044528,0.436400
image_from_nao_ball_nort_west7.png,0.598302,0.314159,0.079726,0.135034,-0.274628,0.396000
image_from_nao_ball_back_leg44.png,0.558418,0.184038,0.072056,0.124296,-0.044528,0.436400
image_from_nao_ball_on_the_right72.png,0.694944,-0.092082,0.226990,0.378940,-0.285366,0.268800
image_from_nao_ball_back_leg54.png,0.558418,0.184038,0.072056,0.124296,-0.044528,0.436400
image_from_nao_ball_back_leg74.png,0.558418,0.184038,0.072056,0.124296,-0.044528,0.436400
image_from_nao_ball_south_east98.png,0.782382,-0.345192,0.223922,0.934248,-0.421892,0.264800
image_from_nao_ball_on_the_right_of_the_guy94.png,0.776246,-0.072140,0.226990,0.960326,-0.589098,0.346400
image_from_nao70.png,0.467912,0.032172,-0.527738,0.523136,0.062852,0.977600
image_from_nao_ball_south_east30.png,0.782382,-0.345192,0.223922,0.934248,-0.421892,0.264800
image_from_nao_ball_on_the_right_of_the_guy13.png,0.776246,-0.072140,0.226990,0.960326,-0.589098,0.346400
image_from_nao_ball_overhead79.png,0.498592,-0.239346,-0.282298,1.041628,-0.118160,0.380400
image_from_nao_ball_back_leg27.png,0.558418,0.184038,0.072056,0.124296,-0.044528,0.436400
image_from_nao_ball_on_the_left21.png,0.656594,0.314159,-0.308376,0.335988,-0.027654,0.273600
image_from_nao_ball_south_east27.png,0.782382,-0.345192,0.223922,0.934248,-0.421892,0.264800
image_from_nao_ball_between_up18.png,0.587564,-0.075208,0.223922,0.371270,-0.282298,0.395200
image_from_nao_ball_overhead28.png,0.498592,-0.239346,-0.282298,1.041628,-0.118160,0.380400
image_from_nao_ball_overhead66.png,0.498592,-0.239346,-0.282298,1.041628,-0.118160,0.380400
image_from_nao_ball_back_leg3.png,0.558418,0.184038,0.072056,0.124296,-0.044528,0.436400
image_from_nao_ball_overhead23.png,0.498592,-0.239346,-0.282298,1.041628,-0.118160,0.380400
image_from_nao_ball_nort_west9.png,0.598302,0.314159,0.079726,0.135034,-0.274628,0.396000
image_from_nao20.png,0.467912,0.032172,-0.527738,0.523136,0.062852,0.977600
image_from_nao_ball_on_the_right10.png,0.694944,-0.092082,0.226990,0.378940,-0.285366,0.268800
image_from_nao_ball_on_the_left4.png,0.656594,0.314159,-0.308376,0.335988,-0.027654,0.273600
image_from_nao_ball_overhead99.png,0.498592,-0.239346,-0.282298,1.041628,-0.118160,0.380400
image_from_nao_ball_nort_west90.png,0.598302,0.314159,0.079726,0.135034,-0.274628,0.396000
image_from_nao_ball_nort_west26.png,0.598302,0.314159,0.079726,0.135034,-0.274628,0.396000
image_from_nao_ball_back_leg26.png,0.558418,0.184038,0.072056,0.124296,-0.044528,0.436400
image_from_nao_ball_on_the_left9.png,0.656594,0.314159,-0.308376,0.335988,-0.027654,0.273600
image_from_nao_ball_nort_west61.png,0.598302,0.314159,0.079726,0.135034,-0.274628,0.396000
image_from_nao_ball_between_up17.png,0.587564,-0.075208,0.223922,0.371270,-0.282298,0.395200
image_from_nao40.png,0.467912,0.032172,-0.527738,0.523136,0.062852,0.977600
image_from_nao_ball_on_the_right89.png,0.694944,-0.092082,0.226990,0.378940,-0.285366,0.268800
image_from_nao_ball_on_the_right_of_the_guy5.png,0.776246,-0.072140,0.226990,0.960326,-0.589098,0.346400
image_from_nao1.png,0.467912,0.032172,-0.527738,0.523136,0.062852,0.977600
image_from_nao_ball_between_up54.png,0.587564,-0.075208,0.223922,0.371270,-0.282298,0.395200
image_from_nao9.png,0.467912,0.032172,-0.527738,0.523136,0.062852,0.977600
image_from_nao55.png,0.467912,0.032172,-0.527738,0.523136,0.062852,0.977600
image_from_nao_ball_on_the_right_of_the_guy37.png,0.776246,-0.072140,0.226990,0.960326,-0.589098,0.346400
image_from_nao_ball_on_the_left46.png,0.656594,0.314159,-0.308376,0.335988,-0.027654,0.273600
image_from_nao_ball_nort_west56.png,0.598302,0.314159,0.079726,0.135034,-0.274628,0.396000
image_from_nao96.png,0.467912,0.032172,-0.527738,0.523136,0.062852,0.977600
image_from_nao_ball_overhead37.png,0.498592,-0.239346,-0.282298,1.041628,-0.118160,0.380400
image_from_nao_ball_overhead38.png,0.498592,-0.239346,-0.282298,1.041628,-0.118160,0.380400
image_from_nao_ball_nort_west22.png,0.598302,0.314159,0.079726,0.135034,-0.274628,0.396000
image_from_nao_ball_on_the_right_of_the_guy16.png,0.776246,-0.072140,0.226990,0.960326,-0.589098,0.346400
image_from_nao_ball_back_leg13.png,0.558418,0.184038,0.072056,0.124296,-0.044528,0.436400
image_from_nao_ball_on_the_right39.png,0.694944,-0.092082,0.226990,0.378940,-0.285366,0.268800
image_from_nao_ball_nort_west84.png,0.598302,0.314159,0.079726,0.135034,-0.274628,0.396000
image_from_nao_ball_overhead6.png,0.498592,-0.239346,-0.282298,1.041628,-0.118160,0.380400
image_from_nao_ball_on_the_left54.png,0.656594,0.314159,-0.308376,0.335988,-0.027654,0.273600
image_from_nao_ball_overhead52.png,0.498592,-0.239346,-0.282298,1.041628,-0.118160,0.380400
image_from_nao_ball_between_up80.png,0.587564,-0.075208,0.223922,0.371270,-0.282298,0.395200
image_from_nao_ball_on_the_right_of_the_guy67.png,0.776246,-0.072140,0.226990,0.960326,-0.589098,0.346400
image_from_nao_ball_on_the_right22.png,0.694944,-0.092082,0.226990,0.378940,-0.285366,0.268800
image_from_nao97.png,0.467912,0.032172,-0.527738,0.523136,0.062852,0.977600
image_from_nao_ball_south_east50.png,0.782382,-0.345192,0.223922,0.934248,-0.421892,0.264800
image_from_nao_ball_nort_west60.png,0.598302,0.314159,0.079726,0.135034,-0.274628,0.396000
image_from_nao_ball_on_the_left32.png,0.656594,0.314159,-0.308376,0.335988,-0.027654,0.273600
image_from_nao_ball_on_the_left27.png,0.656594,0.314159,-0.308376,0.335988,-0.027654,0.273600
image_from_nao_ball_on_the_left1.png,0.656594,0.314159,-0.308376,0.335988,-0.027654,0.273600
image_from_nao17.png,0.467912,0.032172,-0.527738,0.523136,0.062852,0.977600
image_from_nao_ball_on_the_right17.png,0.694944,-0.092082,0.226990,0.378940,-0.285366,0.268800
image_from_nao_ball_nort_west41.png,0.598302,0.314159,0.079726,0.135034,-0.274628,0.396000
image_from_nao_ball_on_the_rightv25.png,0.575292,-0.069072,-0.363600,0.328318,0.325166,0.250400
image_from_nao_ball_on_the_right_of_the_guy45.png,0.776246,-0.072140,0.226990,0.960326,-0.589098,0.346400
image_from_nao_ball_overhead14.png,0.498592,-0.239346,-0.282298,1.041628,-0.118160,0.380400
image_from_nao_ball_nort_west80.png,0.598302,0.314159,0.079726,0.135034,-0.274628,0.396000
image_from_nao_ball_between_up63.png,0.587564,-0.075208,0.223922,0.371270,-0.282298,0.395200
image_from_nao_ball_between_up33.png,0.587564,-0.075208,0.223922,0.371270,-0.282298,0.395200
image_from_nao_ball_between_up50.png,0.587564,-0.075208,0.223922,0.371270,-0.282298,0.395200
image_from_nao_ball_south_east23.png,0.782382,-0.345192,0.223922,0.934248,-0.421892,0.264800
image_from_nao_ball_on_the_right14.png,0.694944,-0.092082,0.226990,0.378940,-0.285366,0.268800
image_from_nao8.png,0.467912,0.032172,-0.527738,0.523136,0.062852,0.977600
image_from_nao_ball_on_the_right0.png,0.694944,-0.092082,0.226990,0.378940,-0.285366,0.268800
image_from_nao_ball_on_the_left23.png,0.656594,0.314159,-0.308376,0.335988,-0.027654,0.273600
image_from_nao_ball_on_the_left97.png,0.656594,0.314159,-0.308376,0.335988,-0.027654,0.273600
image_from_nao_ball_nort_west54.png,0.598302,0.314159,0.079726,0.135034,-0.274628,0.396000
image_from_nao_ball_on_the_left16.png,0.656594,0.314159,-0.308376,0.335988,-0.027654,0.273600
image_from_nao_ball_south_east31.png,0.782382,-0.345192,0.223922,0.934248,-0.421892,0.264800
image_from_nao_ball_on_the_right56.png,0.694944,-0.092082,0.226990,0.378940,-0.285366,0.268800
image_from_nao_ball_on_the_right_of_the_guy34.png,0.776246,-0.072140,0.226990,0.960326,-0.589098,0.346400
image_from_nao_ball_nort_west31.png,0.598302,0.314159,0.079726,0.135034,-0.274628,0.396000
image_from_nao33.png,0.467912,0.032172,-0.527738,0.523136,0.062852,0.977600
image_from_nao_ball_back_leg95.png,0.558418,0.184038,0.072056,0.124296,-0.044528,0.436400
image_from_nao_ball_on_the_left31.png,0.656594,0.314159,-0.308376,0.335988,-0.027654,0.273600
image_from_nao_ball_on_the_right97.png,0.694944,-0.092082,0.226990,0.378940,-0.285366,0.268800
image_from_nao_ball_on_the_left30.png,0.656594,0.314159,-0.308376,0.335988,-0.027654,0.273600
image_from_nao_ball_back_leg52.png,0.558418,0.184038,0.072056,0.124296,-0.044528,0.436400
image_from_nao_ball_south_east97.png,0.782382,-0.345192,0.223922,0.934248,-0.421892,0.264800
image_from_nao_ball_nort_west62.png,0.598302,0.314159,0.079726,0.135034,-0.274628,0.396000
image_from_nao_ball_between_up93.png,0.587564,-0.075208,0.223922,0.371270,-0.282298,0.395200
image_from_nao_ball_between_up42.png,0.587564,-0.075208,0.223922,0.371270,-0.282298,0.395200
image_from_nao_ball_on_the_right_of_the_guy69.png,0.776246,-0.072140,0.226990,0.960326,-0.589098,0.346400
image_from_nao_ball_back_leg12.png,0.558418,0.184038,0.072056,0.124296,-0.044528,0.436400
image_from_nao_ball_south_east53.png,0.782382,-0.345192,0.223922,0.934248,-0.421892,0.264800
image_from_nao_ball_on_the_left13.png,0.656594,0.314159,-0.308376,0.335988,-0.027654,0.273600
image_from_nao_ball_overhead42.png,0.498592,-0.239346,-0.282298,1.041628,-0.118160,0.380400
image_from_nao_ball_between_up61.png,0.587564,-0.075208,0.223922,0.371270,-0.282298,0.395200
image_from_nao_ball_on_the_rightv23.png,0.575292,-0.069072,-0.363600,0.328318,0.325166,0.250400
image_from_nao_ball_between_up47.png,0.587564,-0.075208,0.223922,0.371270,-0.282298,0.395200
image_from_nao_ball_between_up49.png,0.587564,-0.075208,0.223922,0.371270,-0.282298,0.395200
image_from_nao_ball_nort_west14.png,0.598302,0.314159,0.079726,0.135034,-0.274628,0.396000
image_from_nao_ball_between_up53.png,0.587564,-0.075208,0.223922,0.371270,-0.282298,0.395200
image_from_nao_ball_back_leg5.png,0.558418,0.184038,0.072056,0.124296,-0.044528,0.436400
image_from_nao_ball_on_the_right69.png,0.694944,-0.092082,0.226990,0.378940,-0.285366,0.268800
image_from_nao_ball_on_the_left7.png,0.656594,0.314159,-0.308376,0.335988,-0.027654,0.273600
image_from_nao_ball_south_east81.png,0.782382,-0.345192,0.223922,0.934248,-0.421892,0.264800
image_from_nao_ball_on_the_right_of_the_guy88.png,0.776246,-0.072140,0.226990,0.960326,-0.589098,0.346400
image_from_nao_ball_on_the_left74.png,0.656594,0.314159,-0.308376,0.335988,-0.027654,0.273600
image_from_nao_ball_on_the_right_of_the_guy97.png,0.776246,-0.072140,0.226990,0.960326,-0.589098,0.346400
image_from_nao_ball_overhead95.png,0.498592,-0.239346,-0.282298,1.041628,-0.118160,0.380400
image_from_nao_ball_on_the_left19.png,0.656594,0.314159,-0.308376,0.335988,-0.027654,0.273600
image_from_nao_ball_nort_west98.png,0.598302,0.314159,0.079726,0.135034,-0.274628,0.396000
image_from_nao_ball_back_leg55.png,0.558418,0.184038,0.072056,0.124296,-0.044528,0.436400
image_from_nao_ball_back_leg20.png,0.558418,0.184038,0.072056,0.124296,-0.044528,0.436400
image_from_nao_ball_on_the_right_of_the_guy4.png,0.776246,-0.072140,0.226990,0.960326,-0.589098,0.346400
image_from_nao_ball_on_the_left47.png,0.656594,0.314159,-0.308376,0.335988,-0.027654,0.273600
image_from_nao_ball_on_the_left94.png,0.656594,0.314159,-0.308376,0.335988,-0.027654,0.273600
image_from_nao_ball_on_the_right88.png,0.694944,-0.092082,0.226990,0.378940,-0.285366,0.268800
image_from_nao28.png,0.467912,0.032172,-0.527738,0.523136,0.062852,0.977600
image_from_nao3.png,0.467912,0.032172,-0.527738,0.523136,0.062852,0.977600
image_from_nao66.png,0.467912,0.032172,-0.527738,0.523136,0.062852,0.977600
image_from_nao_ball_back_leg62.png,0.558418,0.184038,0.072056,0.124296,-0.044528,0.436400
image_from_nao_ball_on_the_left72.png,0.656594,0.314159,-0.308376,0.335988,-0.027654,0.273600
image_from_nao_ball_back_leg45.png,0.558418,0.184038,0.072056,0.124296,-0.044528,0.436400
image_from_nao_ball_on_the_right_of_the_guy51.png,0.776246,-0.072140,0.226990,0.960326,-0.589098,0.346400
image_from_nao_ball_nort_west37.png,0.598302,0.314159,0.079726,0.135034,-0.274628,0.396000
image_from_nao6.png,0.467912,0.032172,-0.527738,0.523136,0.062852,0.977600
image_from_nao_ball_between_up98.png,0.587564,-0.075208,0.223922,0.371270,-0.282298,0.395200
image_from_nao_ball_between_up68.png,0.587564,-0.075208,0.223922,0.371270,-0.282298,0.395200
image_from_nao_ball_overhead32.png,0.498592,-0.239346,-0.282298,1.041628,-0.118160,0.380400
image_from_nao51.png,0.467912,0.032172,-0.527738,0.523136,0.062852,0.977600
image_from_nao_ball_nort_west87.png,0.598302,0.314159,0.079726,0.135034,-0.274628,0.396000
image_from_nao_ball_on_the_left42.png,0.656594,0.314159,-0.308376,0.335988,-0.027654,0.273600
image_from_nao_ball_overhead43.png,0.498592,-0.239346,-0.282298,1.041628,-0.118160,0.380400
image_from_nao_ball_between_up2.png,0.587564,-0.075208,0.223922,0.371270,-0.282298,0.395200
image_from_nao_ball_between_up26.png,0.587564,-0.075208,0.223922,0.371270,-0.282298,0.395200
image_from_nao_ball_overhead20.png,0.498592,-0.239346,-0.282298,1.041628,-0.118160,0.380400
image_from_nao_ball_south_east95.png,0.782382,-0.345192,0.223922,0.934248,-0.421892,0.264800
image_from_nao_ball_on_the_right44.png,0.694944,-0.092082,0.226990,0.378940,-0.285366,0.268800
image_from_nao_ball_nort_west48.png,0.598302,0.314159,0.079726,0.135034,-0.274628,0.396000
image_from_nao74.png,0.467912,0.032172,-0.527738,0.523136,0.062852,0.977600
image_from_nao_ball_on_the_right47.png,0.694944,-0.092082,0.226990,0.378940,-0.285366,0.268800
image_from_nao_ball_on_the_left39.png,0.656594,0.314159,-0.308376,0.335988,-0.027654,0.273600
image_from_nao_ball_on_the_right_of_the_guy8.png,0.776246,-0.072140,0.226990,0.960326,-0.589098,0.346400
image_from_nao_ball_south_east7.png,0.782382,-0.345192,0.223922,0.934248,-0.421892,0.264800
image_from_nao_ball_nort_west4.png,0.598302,0.314159,0.079726,0.135034,-0.274628,0.396000
image_from_nao_ball_on_the_right92.png,0.694944,-0.092082,0.226990,0.378940,-0.285366,0.268800
image_from_nao_ball_on_the_right83.png,0.694944,-0.092082,0.226990,0.378940,-0.285366,0.268800
image_from_nao10.png,0.467912,0.032172,-0.527738,0.523136,0.062852,0.977600
image_from_nao_ball_nort_west81.png,0.598302,0.314159,0.079726,0.135034,-0.274628,0.396000
image_from_nao_ball_on_the_right_of_the_guy26.png,0.776246,-0.072140,0.226990,0.960326,-0.589098,0.346400
image_from_nao16.png,0.467912,0.032172,-0.527738,0.523136,0.062852,0.977600
image_from_nao2.png,0.467912,0.032172,-0.527738,0.523136,0.062852,0.977600
image_from_nao_ball_between_up74.png,0.587564,-0.075208,0.223922,0.371270,-0.282298,0.395200
image_from_nao_ball_back_leg4.png,0.558418,0.184038,0.072056,0.124296,-0.044528,0.436400
image_from_nao_ball_back_leg41.png,0.558418,0.184038,0.072056,0.124296,-0.044528,0.436400
image_from_nao87.png,0.467912,0.032172,-0.527738,0.523136,0.062852,0.977600
image_from_nao_ball_between_up65.png,0.587564,-0.075208,0.223922,0.371270,-0.282298,0.395200
image_from_nao_ball_south_east12.png,0.782382,-0.345192,0.223922,0.934248,-0.421892,0.264800
image_from_nao_ball_on_the_right_of_the_guy48.png,0.776246,-0.072140,0.226990,0.960326,-0.589098,0.346400
image_from_nao_ball_nort_west77.png,0.598302,0.314159,0.079726,0.135034,-0.274628,0.396000
image_from_nao_ball_on_the_right79.png,0.694944,-0.092082,0.226990,0.378940,-0.285366,0.268800
image_from_nao_ball_on_the_right59.png,0.694944,-0.092082,0.226990,0.378940,-0.285366,0.268800
image_from_nao_ball_on_the_right_of_the_guy60.png,0.776246,-0.072140,0.226990,0.960326,-0.589098,0.346400
image_from_nao_ball_nort_west44.png,0.598302,0.314159,0.079726,0.135034,-0.274628,0.396000
image_from_nao_ball_on_the_right_of_the_guy75.png,0.776246,-0.072140,0.226990,0.960326,-0.589098,0.346400
image_from_nao_ball_on_the_left73.png,0.656594,0.314159,-0.308376,0.335988,-0.027654,0.273600
image_from_nao_ball_south_east70.png,0.782382,-0.345192,0.223922,0.934248,-0.421892,0.264800
image_from_nao_ball_nort_west94.png,0.598302,0.314159,0.079726,0.135034,-0.274628,0.396000
image_from_nao_ball_on_the_right8.png,0.694944,-0.092082,0.226990,0.378940,-0.285366,0.268800
image_from_nao_ball_back_leg94.png,0.558418,0.184038,0.072056,0.124296,-0.044528,0.436400
image_from_nao_ball_on_the_right13.png,0.694944,-0.092082,0.226990,0.378940,-0.285366,0.268800
image_from_nao_ball_south_east87.png,0.782382,-0.345192,0.223922,0.934248,-0.421892,0.264800
image_from_nao_ball_south_east36.png,0.782382,-0.345192,0.223922,0.934248,-0.421892,0.264800
image_from_nao_ball_overhead63.png,0.498592,-0.239346,-0.282298,1.041628,-0.118160,0.380400
image_from_nao_ball_nort_west72.png,0.598302,0.314159,0.079726,0.135034,-0.274628,0.396000
image_from_nao_ball_nort_west21.png,0.598302,0.314159,0.079726,0.135034,-0.274628,0.396000
image_from_nao_ball_on_the_right5.png,0.694944,-0.092082,0.226990,0.378940,-0.285366,0.268800
image_from_nao_ball_on_the_left70.png,0.656594,0.314159,-0.308376,0.335988,-0.027654,0.273600
image_from_nao_ball_nort_west86.png,0.598302,0.314159,0.079726,0.135034,-0.274628,0.396000
image_from_nao_ball_back_leg85.png,0.558418,0.184038,0.072056,0.124296,-0.044528,0.436400
image_from_nao_ball_overhead17.png,0.498592,-0.239346,-0.282298,1.041628,-0.118160,0.380400
image_from_nao_ball_on_the_right58.png,0.694944,-0.092082,0.226990,0.378940,-0.285366,0.268800
image_from_nao_ball_on_the_right_of_the_guy2.png,0.776246,-0.072140,0.226990,0.960326,-0.589098,0.346400
image_from_nao_ball_overhead26.png,0.498592,-0.239346,-0.282298,1.041628,-0.118160,0.380400
image_from_nao_ball_on_the_left43.png,0.656594,0.314159,-0.308376,0.335988,-0.027654,0.273600
image_from_nao_ball_between_up66.png,0.587564,-0.075208,0.223922,0.371270,-0.282298,0.395200
image_from_nao_ball_on_the_right31.png,0.694944,-0.092082,0.226990,0.378940,-0.285366,0.268800
image_from_nao_ball_south_east45.png,0.782382,-0.345192,0.223922,0.934248,-0.421892,0.264800
image_from_nao_ball_on_the_right_of_the_guy56.png,0.776246,-0.072140,0.226990,0.960326,-0.589098,0.346400
image_from_nao19.png,0.467912,0.032172,-0.527738,0.523136,0.062852,0.977600
image_from_nao_ball_south_east91.png,0.782382,-0.345192,0.223922,0.934248,-0.421892,0.264800
image_from_nao_ball_back_leg24.png,0.558418,0.184038,0.072056,0.124296,-0.044528,0.436400
image_from_nao_ball_on_the_right51.png,0.694944,-0.092082,0.226990,0.378940,-0.285366,0.268800
image_from_nao_ball_on_the_right_of_the_guy1.png,0.776246,-0.072140,0.226990,0.960326,-0.589098,0.346400
image_from_nao_ball_on_the_right_of_the_guy76.png,0.776246,-0.072140,0.226990,0.960326,-0.589098,0.346400
image_from_nao_ball_back_leg89.png,0.558418,0.184038,0.072056,0.124296,-0.044528,0.436400
image_from_nao_ball_overhead1.png,0.498592,-0.239346,-0.282298,1.041628,-0.118160,0.380400
image_from_nao_ball_on_the_right80.png,0.694944,-0.092082,0.226990,0.378940,-0.285366,0.268800
image_from_nao_ball_on_the_left85.png,0.656594,0.314159,-0.308376,0.335988,-0.027654,0.273600
image_from_nao_ball_overhead70.png,0.498592,-0.239346,-0.282298,1.041628,-0.118160,0.380400
image_from_nao_ball_on_the_right74.png,0.694944,-0.092082,0.226990,0.378940,-0.285366,0.268800
image_from_nao_ball_south_east59.png,0.782382,-0.345192,0.223922,0.934248,-0.421892,0.264800
image_from_nao92.png,0.467912,0.032172,-0.527738,0.523136,0.062852,0.977600
image_from_nao_ball_on_the_left95.png,0.656594,0.314159,-0.308376,0.335988,-0.027654,0.273600
image_from_nao_ball_south_east68.png,0.782382,-0.345192,0.223922,0.934248,-0.421892,0.264800
image_from_nao39.png,0.467912,0.032172,-0.527738,0.523136,0.062852,0.977600
image_from_nao83.png,0.467912,0.032172,-0.527738,0.523136,0.062852,0.977600
image_from_nao_ball_on_the_right78.png,0.694944,-0.092082,0.226990,0.378940,-0.285366,0.268800
image_from_nao_ball_on_the_right_of_the_guy24.png,0.776246,-0.072140,0.226990,0.960326,-0.589098,0.346400
image_from_nao_ball_nort_west27.png,0.598302,0.314159,0.079726,0.135034,-0.274628,0.396000
image_from_nao_ball_overhead45.png,0.498592,-0.239346,-0.282298,1.041628,-0.118160,0.380400
image_from_nao_ball_between_up34.png,0.587564,-0.075208,0.223922,0.371270,-0.282298,0.395200
image_from_nao91.png,0.467912,0.032172,-0.527738,0.523136,0.062852,0.977600
image_from_nao26.png,0.467912,0.032172,-0.527738,0.523136,0.062852,0.977600
image_from_nao_ball_south_east72.png,0.782382,-0.345192,0.223922,0.934248,-0.421892,0.264800
image_from_nao_ball_overhead77.png,0.498592,-0.239346,-0.282298,1.041628,-0.118160,0.380400
image_from_nao_ball_on_the_right_of_the_guy28.png,0.776246,-0.072140,0.226990,0.960326,-0.589098,0.346400
image_from_nao_ball_south_east46.png,0.782382,-0.345192,0.223922,0.934248,-0.421892,0.264800
image_from_nao_ball_on_the_right29.png,0.694944,-0.092082,0.226990,0.378940,-0.285366,0.268800
image_from_nao_ball_on_the_rightv26.png,0.575292,-0.069072,-0.363600,0.328318,0.325166,0.250400
image_from_nao_ball_back_leg91.png,0.558418,0.184038,0.072056,0.124296,-0.044528,0.436400
image_from_nao_ball_on_the_left35.png,0.656594,0.314159,-0.308376,0.335988,-0.027654,0.273600
image_from_nao_ball_on_the_right_of_the_guy73.png,0.776246,-0.072140,0.226990,0.960326,-0.589098,0.346400
image_from_nao_ball_on_the_left81.png,0.656594,0.314159,-0.308376,0.335988,-0.027654,0.273600
image_from_nao_ball_between_up56.png,0.587564,-0.075208,0.223922,0.371270,-0.282298,0.395200
image_from_nao_ball_on_the_left59.png,0.656594,0.314159,-0.308376,0.335988,-0.027654,0.273600
image_from_nao_ball_on_the_left51.png,0.656594,0.314159,-0.308376,0.335988,-0.027654,0.273600
image_from_nao_ball_between_up81.png,0.587564,-0.075208,0.223922,0.371270,-0.282298,0.395200
image_from_nao_ball_on_the_right96.png,0.694944,-0.092082,0.226990,0.378940,-0.285366,0.268800
image_from_nao31.png,0.467912,0.032172,-0.527738,0.523136,0.062852,0.977600
image_from_nao_ball_on_the_right50.png,0.694944,-0.092082,0.226990,0.378940,-0.285366,0.268800
image_from_nao_ball_back_leg9.png,0.558418,0.184038,0.072056,0.124296,-0.044528,0.436400
image_from_nao24.png,0.467912,0.032172,-0.527738,0.523136,0.062852,0.977600
image_from_nao_ball_overhead83.png,0.498592,-0.239346,-0.282298,1.041628,-0.118160,0.380400
image_from_nao_ball_back_leg35.png,0.558418,0.184038,0.072056,0.124296,-0.044528,0.436400
image_from_nao_ball_on_the_left89.png,0.656594,0.314159,-0.308376,0.335988,-0.027654,0.273600
image_from_nao_ball_overhead4.png,0.498592,-0.239346,-0.282298,1.041628,-0.118160,0.380400
image_from_nao_ball_back_leg28.png,0.558418,0.184038,0.072056,0.124296,-0.044528,0.436400
image_from_nao_ball_nort_west25.png,0.598302,0.314159,0.079726,0.135034,-0.274628,0.396000
image_from_nao_ball_back_leg87.png,0.558418,0.184038,0.072056,0.124296,-0.044528,0.436400
image_from_nao_ball_back_leg2.png,0.558418,0.184038,0.072056,0.124296,-0.044528,0.436400
image_from_nao_ball_on_the_right_of_the_guy31.png,0.776246,-0.072140,0.226990,0.960326,-0.589098,0.346400
image_from_nao_ball_on_the_right_of_the_guy10.png,0.776246,-0.072140,0.226990,0.960326,-0.589098,0.346400
image_from_nao_ball_on_the_right_of_the_guy85.png,0.776246,-0.072140,0.226990,0.960326,-0.589098,0.346400
image_from_nao_ball_overhead88.png,0.498592,-0.239346,-0.282298,1.041628,-0.118160,0.380400
image_from_nao_ball_nort_west30.png,0.598302,0.314159,0.079726,0.135034,-0.274628,0.396000
image_from_nao_ball_on_the_right4.png,0.694944,-0.092082,0.226990,0.378940,-0.285366,0.268800
image_from_nao_ball_overhead84.png,0.498592,-0.239346,-0.282298,1.041628,-0.118160,0.380400
image_from_nao57.png,0.467912,0.032172,-0.527738,0.523136,0.062852,0.977600
image_from_nao_ball_overhead96.png,0.498592,-0.239346,-0.282298,1.041628,-0.118160,0.380400
image_from_nao_ball_between_up51.png,0.587564,-0.075208,0.223922,0.371270,-0.282298,0.395200
image_from_nao_ball_between_up91.png,0.587564,-0.075208,0.223922,0.371270,-0.282298,0.395200
image_from_nao_ball_on_the_right42.png,0.694944,-0.092082,0.226990,0.378940,-0.285366,0.268800
image_from_nao_ball_on_the_right_of_the_guy33.png,0.776246,-0.072140,0.226990,0.960326,-0.589098,0.346400
image_from_nao_ball_between_up27.png,0.587564,-0.075208,0.223922,0.371270,-0.282298,0.395200
image_from_nao_ball_on_the_left86.png,0.656594,0.314159,-0.308376,0.335988,-0.027654,0.273600
image_from_nao_ball_nort_west32.png,0.598302,0.314159,0.079726,0.135034,-0.274628,0.396000
image_from_nao_ball_on_the_left12.png,0.656594,0.314159,-0.308376,0.335988,-0.027654,0.273600
image_from_nao_ball_between_up77.png,0.587564,-0.075208,0.223922,0.371270,-0.282298,0.395200
image_from_nao_ball_back_leg21.png,0.558418,0.184038,0.072056,0.124296,-0.044528,0.436400
image_from_nao_ball_nort_west53.png,0.598302,0.314159,0.079726,0.135034,-0.274628,0.396000
image_from_nao54.png,0.467912,0.032172,-0.527738,0.523136,0.062852,0.977600
image_from_nao41.png,0.467912,0.032172,-0.527738,0.523136,0.062852,0.977600
image_from_nao_ball_on_the_right53.png,0.694944,-0.092082,0.226990,0.378940,-0.285366,0.268800
image_from_nao_ball_nort_west82.png,0.598302,0.314159,0.079726,0.135034,-0.274628,0.396000
image_from_nao_ball_on_the_right16.png,0.694944,-0.092082,0.226990,0.378940,-0.285366,0.268800
image_from_nao_ball_south_east96.png,0.782382,-0.345192,0.223922,0.934248,-0.421892,0.264800
image_from_nao_ball_overhead62.png,0.498592,-0.239346,-0.282298,1.041628,-0.118160,0.380400
image_from_nao_ball_between_up64.png,0.587564,-0.075208,0.223922,0.371270,-0.282298,0.395200
image_from_nao_ball_overhead90.png,0.498592,-0.239346,-0.282298,1.041628,-0.118160,0.380400
image_from_nao_ball_nort_west38.png,0.598302,0.314159,0.079726,0.135034,-0.274628,0.396000
image_from_nao_ball_on_the_left83.png,0.656594,0.314159,-0.308376,0.335988,-0.027654,0.273600
image_from_nao_ball_between_up12.png,0.587564,-0.075208,0.223922,0.371270,-0.282298,0.395200
image_from_nao_ball_on_the_right6.png,0.694944,-0.092082,0.226990,0.378940,-0.285366,0.268800
image_from_nao64.png,0.467912,0.032172,-0.527738,0.523136,0.062852,0.977600
image_from_nao_ball_nort_west95.png,0.598302,0.314159,0.079726,0.135034,-0.274628,0.396000
image_from_nao88.png,0.467912,0.032172,-0.527738,0.523136,0.062852,0.977600
image_from_nao_ball_back_leg81.png,0.558418,0.184038,0.072056,0.124296,-0.044528,0.436400
image_from_nao_ball_between_up1.png,0.587564,-0.075208,0.223922,0.371270,-0.282298,0.395200
image_from_nao_ball_nort_west42.png,0.598302,0.314159,0.079726,0.135034,-0.274628,0.396000
image_from_nao_ball_between_up9.png,0.587564,-0.075208,0.223922,0.371270,-0.282298,0.395200
image_from_nao_ball_back_leg51.png,0.558418,0.184038,0.072056,0.124296,-0.044528,0.436400
image_from_nao_ball_south_east4.png,0.782382,-0.345192,0.223922,0.934248,-0.421892,0.264800
image_from_nao_ball_between_up41.png,0.587564,-0.075208,0.223922,0.371270,-0.282298,0.395200
image_from_nao_ball_overhead73.png,0.498592,-0.239346,-0.282298,1.041628,-0.118160,0.380400
image_from_nao_ball_nort_west51.png,0.598302,0.314159,0.079726,0.135034,-0.274628,0.396000
image_from_nao_ball_south_east8.png,0.782382,-0.345192,0.223922,0.934248,-0.421892,0.264800
image_from_nao_ball_on_the_right87.png,0.694944,-0.092082,0.226990,0.378940,-0.285366,0.268800
image_from_nao_ball_back_leg19.png,0.558418,0.184038,0.072056,0.124296,-0.044528,0.436400
image_from_nao65.png,0.467912,0.032172,-0.527738,0.523136,0.062852,0.977600
image_from_nao_ball_nort_west69.png,0.598302,0.314159,0.079726,0.135034,-0.274628,0.396000
image_from_nao_ball_back_leg57.png,0.558418,0.184038,0.072056,0.124296,-0.044528,0.436400
image_from_nao_ball_between_up55.png,0.587564,-0.075208,0.223922,0.371270,-0.282298,0.395200
image_from_nao_ball_back_leg65.png,0.558418,0.184038,0.072056,0.124296,-0.044528,0.436400
image_from_nao47.png,0.467912,0.032172,-0.527738,0.523136,0.062852,0.977600
image_from_nao11.png,0.467912,0.032172,-0.527738,0.523136,0.062852,0.977600
image_from_nao_ball_on_the_left92.png,0.656594,0.314159,-0.308376,0.335988,-0.027654,0.273600
image_from_nao_ball_between_up94.png,0.587564,-0.075208,0.223922,0.371270,-0.282298,0.395200
image_from_nao_ball_between_up82.png,0.587564,-0.075208,0.223922,0.371270,-0.282298,0.395200
image_from_nao_ball_on_the_left61.png,0.656594,0.314159,-0.308376,0.335988,-0.027654,0.273600
image_from_nao_ball_back_leg34.png,0.558418,0.184038,0.072056,0.124296,-0.044528,0.436400
image_from_nao90.png,0.467912,0.032172,-0.527738,0.523136,0.062852,0.977600
image_from_nao_ball_on_the_right36.png,0.694944,-0.092082,0.226990,0.378940,-0.285366,0.268800
image_from_nao_ball_on_the_right_of_the_guy36.png,0.776246,-0.072140,0.226990,0.960326,-0.589098,0.346400
image_from_nao_ball_on_the_left60.png,0.656594,0.314159,-0.308376,0.335988,-0.027654,0.273600
image_from_nao_ball_between_up20.png,0.587564,-0.075208,0.223922,0.371270,-0.282298,0.395200
image_from_nao_ball_back_leg1.png,0.558418,0.184038,0.072056,0.124296,-0.044528,0.436400
image_from_nao_ball_between_up78.png,0.587564,-0.075208,0.223922,0.371270,-0.282298,0.395200
image_from_nao_ball_on_the_right_of_the_guy44.png,0.776246,-0.072140,0.226990,0.960326,-0.589098,0.346400
image_from_nao_ball_between_up45.png,0.587564,-0.075208,0.223922,0.371270,-0.282298,0.395200
image_from_nao_ball_overhead35.png,0.498592,-0.239346,-0.282298,1.041628,-0.118160,0.380400
image_from_nao_ball_on_the_right41.png,0.694944,-0.092082,0.226990,0.378940,-0.285366,0.268800
image_from_nao_ball_on_the_right_of_the_guy95.png,0.776246,-0.072140,0.226990,0.960326,-0.589098,0.346400
image_from_nao_ball_on_the_left26.png,0.656594,0.314159,-0.308376,0.335988,-0.027654,0.273600
image_from_nao_ball_on_the_right_of_the_guy62.png,0.776246,-0.072140,0.226990,0.960326,-0.589098,0.346400
image_from_nao_ball_back_leg58.png,0.558418,0.184038,0.072056,0.124296,-0.044528,0.436400
image_from_nao_ball_south_east85.png,0.782382,-0.345192,0.223922,0.934248,-0.421892,0.264800
image_from_nao_ball_on_the_left3.png,0.656594,0.314159,-0.308376,0.335988,-0.027654,0.273600
image_from_nao_ball_on_the_left77.png,0.656594,0.314159,-0.308376,0.335988,-0.027654,0.273600
image_from_nao_ball_on_the_left38.png,0.656594,0.314159,-0.308376,0.335988,-0.027654,0.273600
image_from_nao_ball_on_the_right70.png,0.694944,-0.092082,0.226990,0.378940,-0.285366,0.268800
image_from_nao_ball_nort_west40.png,0.598302,0.314159,0.079726,0.135034,-0.274628,0.396000
image_from_nao25.png,0.467912,0.032172,-0.527738,0.523136,0.062852,0.977600
image_from_nao_ball_back_leg71.png,0.558418,0.184038,0.072056,0.124296,-0.044528,0.436400
image_from_nao_ball_south_east41.png,0.782382,-0.345192,0.223922,0.934248,-0.421892,0.264800
image_from_nao_ball_back_leg0.png,0.558418,0.184038,0.072056,0.124296,-0.044528,0.436400
image_from_nao_ball_nort_west78.png,0.598302,0.314159,0.079726,0.135034,-0.274628,0.396000
image_from_nao_ball_on_the_left69.png,0.656594,0.314159,-0.308376,0.335988,-0.027654,0.273600
image_from_nao_ball_on_the_right19.png,0.694944,-0.092082,0.226990,0.378940,-0.285366,0.268800
image_from_nao_ball_south_east6.png,0.782382,-0.345192,0.223922,0.934248,-0.421892,0.264800
image_from_nao62.png,0.467912,0.032172,-0.527738,0.523136,0.062852,0.977600
image_from_nao34.png,0.467912,0.032172,-0.527738,0.523136,0.062852,0.977600
image_from_nao_ball_on_the_right33.png,0.694944,-0.092082,0.226990,0.378940,-0.285366,0.268800
image_from_nao_ball_on_the_right_of_the_guy87.png,0.776246,-0.072140,0.226990,0.960326,-0.589098,0.346400
image_from_nao4.png,0.467912,0.032172,-0.527738,0.523136,0.062852,0.977600
image_from_nao_ball_back_leg82.png,0.558418,0.184038,0.072056,0.124296,-0.044528,0.436400
image_from_nao_ball_on_the_right_of_the_guy72.png,0.776246,-0.072140,0.226990,0.960326,-0.589098,0.346400
image_from_nao89.png,0.467912,0.032172,-0.527738,0.523136,0.062852,0.977600
image_from_nao_ball_on_the_left44.png,0.656594,0.314159,-0.308376,0.335988,-0.027654,0.273600
image_from_nao_ball_back_leg17.png,0.558418,0.184038,0.072056,0.124296,-0.044528,0.436400
image_from_nao38.png,0.467912,0.032172,-0.527738,0.523136,0.062852,0.977600
image_from_nao_ball_back_leg59.png,0.558418,0.184038,0.072056,0.124296,-0.044528,0.436400
image_from_nao_ball_south_east74.png,0.782382,-0.345192,0.223922,0.934248,-0.421892,0.264800
image_from_nao_ball_nort_west55.png,0.598302,0.314159,0.079726,0.135034,-0.274628,0.396000
image_from_nao43.png,0.467912,0.032172,-0.527738,0.523136,0.062852,0.977600
image_from_nao_ball_on_the_right_of_the_guy65.png,0.776246,-0.072140,0.226990,0.960326,-0.589098,0.346400
image_from_nao_ball_on_the_right_of_the_guy11.png,0.776246,-0.072140,0.226990,0.960326,-0.589098,0.346400
image_from_nao_ball_on_the_right24.png,0.694944,-0.092082,0.226990,0.378940,-0.285366,0.268800
image_from_nao_ball_on_the_left24.png,0.656594,0.314159,-0.308376,0.335988,-0.027654,0.273600
image_from_nao_ball_on_the_right_of_the_guy43.png,0.776246,-0.072140,0.226990,0.960326,-0.589098,0.346400
image_from_nao_ball_overhead53.png,0.498592,-0.239346,-0.282298,1.041628,-0.118160,0.380400
image_from_nao53.png,0.467912,0.032172,-0.527738,0.523136,0.062852,0.977600
image_from_nao_ball_overhead47.png,0.498592,-0.239346,-0.282298,1.041628,-0.118160,0.380400
image_from_nao82.png,0.467912,0.032172,-0.527738,0.523136,0.062852,0.977600
image_from_nao_ball_overhead9.png,0.498592,-0.239346,-0.282298,1.041628,-0.118160,0.380400
image_from_nao_ball_overhead87.png,0.498592,-0.239346,-0.282298,1.041628,-0.118160,0.380400
image_from_nao_ball_on_the_right95.png,0.694944,-0.092082,0.226990,0.378940,-0.285366,0.268800
image_from_nao_ball_overhead41.png,0.498592,-0.239346,-0.282298,1.041628,-0.118160,0.380400
image_from_nao_ball_south_east94.png,0.782382,-0.345192,0.223922,0.934248,-0.421892,0.264800
image_from_nao79.png,0.467912,0.032172,-0.527738,0.523136,0.062852,0.977600
image_from_nao_ball_on_the_right67.png,0.694944,-0.092082,0.226990,0.378940,-0.285366,0.268800
image_from_nao_ball_back_leg6.png,0.558418,0.184038,0.072056,0.124296,-0.044528,0.436400
image_from_nao_ball_overhead61.png,0.498592,-0.239346,-0.282298,1.041628,-0.118160,0.380400
image_from_nao_ball_south_east90.png,0.782382,-0.345192,0.223922,0.934248,-0.421892,0.264800
image_from_nao_ball_nort_west50.png,0.598302,0.314159,0.079726,0.135034,-0.274628,0.396000
image_from_nao_ball_nort_west33.png,0.598302,0.314159,0.079726,0.135034,-0.274628,0.396000
image_from_nao_ball_overhead5.png,0.498592,-0.239346,-0.282298,1.041628,-0.118160,0.380400
image_from_nao_ball_on_the_right68.png,0.694944,-0.092082,0.226990,0.378940,-0.285366,0.268800
image_from_nao_ball_nort_west91.png,0.598302,0.314159,0.079726,0.135034,-0.274628,0.396000
image_from_nao_ball_south_east43.png,0.782382,-0.345192,0.223922,0.934248,-0.421892,0.264800
image_from_nao_ball_between_up52.png,0.587564,-0.075208,0.223922,0.371270,-0.282298,0.395200
image_from_nao_ball_on_the_right_of_the_guy49.png,0.776246,-0.072140,0.226990,0.960326,-0.589098,0.346400
image_from_nao_ball_between_up15.png,0.587564,-0.075208,0.223922,0.371270,-0.282298,0.395200
image_from_nao_ball_back_leg60.png,0.558418,0.184038,0.072056,0.124296,-0.044528,0.436400
image_from_nao_ball_back_leg40.png,0.558418,0.184038,0.072056,0.124296,-0.044528,0.436400
image_from_nao_ball_on_the_right38.png,0.694944,-0.092082,0.226990,0.378940,-0.285366,0.268800
image_from_nao_ball_on_the_left5.png,0.656594,0.314159,-0.308376,0.335988,-0.027654,0.273600
image_from_nao_ball_overhead13.png,0.498592,-0.239346,-0.282298,1.041628,-0.118160,0.380400
image_from_nao_ball_south_east54.png,0.782382,-0.345192,0.223922,0.934248,-0.421892,0.264800
image_from_nao72.png,0.467912,0.032172,-0.527738,0.523136,0.062852,0.977600
image_from_nao_ball_between_up13.png,0.587564,-0.075208,0.223922,0.371270,-0.282298,0.395200
image_from_nao73.png,0.467912,0.032172,-0.527738,0.523136,0.062852,0.977600
image_from_nao_ball_on_the_right_of_the_guy96.png,0.776246,-0.072140,0.226990,0.960326,-0.589098,0.346400
image_from_nao_ball_on_the_right_of_the_guy61.png,0.776246,-0.072140,0.226990,0.960326,-0.589098,0.346400
image_from_nao_ball_on_the_left84.png,0.656594,0.314159,-0.308376,0.335988,-0.027654,0.273600
image_from_nao_ball_on_the_right_of_the_guy41.png,0.776246,-0.072140,0.226990,0.960326,-0.589098,0.346400
image_from_nao_ball_on_the_right11.png,0.694944,-0.092082,0.226990,0.378940,-0.285366,0.268800
image_from_nao_ball_on_the_right98.png,0.694944,-0.092082,0.226990,0.378940,-0.285366,0.268800
image_from_nao_ball_on_the_right90.png,0.694944,-0.092082,0.226990,0.378940,-0.285366,0.268800
image_from_nao_ball_overhead48.png,0.498592,-0.239346,-0.282298,1.041628,-0.118160,0.380400
image_from_nao_ball_nort_west36.png,0.598302,0.314159,0.079726,0.135034,-0.274628,0.396000
image_from_nao_ball_between_up24.png,0.587564,-0.075208,0.223922,0.371270,-0.282298,0.395200
image_from_nao_ball_overhead46.png,0.498592,-0.239346,-0.282298,1.041628,-0.118160,0.380400
image_from_nao_ball_on_the_right60.png,0.694944,-0.092082,0.226990,0.378940,-0.285366,0.268800
image_from_nao_ball_on_the_rightv24.png,0.575292,-0.069072,-0.363600,0.328318,0.325166,0.250400
image_from_nao_ball_on_the_right_of_the_guy57.png,0.776246,-0.072140,0.226990,0.960326,-0.589098,0.346400
image_from_nao_ball_nort_west92.png,0.598302,0.314159,0.079726,0.135034,-0.274628,0.396000
image_from_nao_ball_nort_west16.png,0.598302,0.314159,0.079726,0.135034,-0.274628,0.396000
image_from_nao_ball_nort_west99.png,0.598302,0.314159,0.079726,0.135034,-0.274628,0.396000
image_from_nao_ball_south_east62.png,0.782382,-0.345192,0.223922,0.934248,-0.421892,0.264800
image_from_nao_ball_on_the_right_of_the_guy68.png,0.776246,-0.072140,0.226990,0.960326,-0.589098,0.346400
image_from_nao_ball_on_the_right_of_the_guy46.png,0.776246,-0.072140,0.226990,0.960326,-0.589098,0.346400
image_from_nao_ball_overhead55.png,0.498592,-0.239346,-0.282298,1.041628,-0.118160,0.380400
image_from_nao_ball_south_east5.png,0.782382,-0.345192,0.223922,0.934248,-0.421892,0.264800
image_from_nao_ball_overhead15.png,0.498592,-0.239346,-0.282298,1.041628,-0.118160,0.380400
image_from_nao93.png,0.467912,0.032172,-0.527738,0.523136,0.062852,0.977600
image_from_nao_ball_between_up7.png,0.587564,-0.075208,0.223922,0.371270,-0.282298,0.395200
image_from_nao_ball_back_leg49.png,0.558418,0.184038,0.072056,0.124296,-0.044528,0.436400
image_from_nao_ball_on_the_right_of_the_guy22.png,0.776246,-0.072140,0.226990,0.960326,-0.589098,0.346400
image_from_nao_ball_on_the_left17.png,0.656594,0.314159,-0.308376,0.335988,-0.027654,0.273600
image_from_nao_ball_on_the_right_of_the_guy6.png,0.776246,-0.072140,0.226990,0.960326,-0.589098,0.346400
image_from_nao_ball_south_east61.png,0.782382,-0.345192,0.223922,0.934248,-0.421892,0.264800
image_from_nao_ball_back_leg33.png,0.558418,0.184038,0.072056,0.124296,-0.044528,0.436400
image_from_nao_ball_on_the_left57.png,0.656594,0.314159,-0.308376,0.335988,-0.027654,0.273600
image_from_nao_ball_south_east25.png,0.782382,-0.345192,0.223922,0.934248,-0.421892,0.264800
image_from_nao_ball_south_east32.png,0.782382,-0.345192,0.223922,0.934248,-0.421892,0.264800
image_from_nao_ball_between_up70.png,0.587564,-0.075208,0.223922,0.371270,-0.282298,0.395200
image_from_nao_ball_on_the_right85.png,0.694944,-0.092082,0.226990,0.378940,-0.285366,0.268800
image_from_nao_ball_on_the_left62.png,0.656594,0.314159,-0.308376,0.335988,-0.027654,0.273600
image_from_nao_ball_overhead8.png,0.498592,-0.239346,-0.282298,1.041628,-0.118160,0.380400
image_from_nao_ball_nort_west79.png,0.598302,0.314159,0.079726,0.135034,-0.274628,0.396000
image_from_nao_ball_between_up84.png,0.587564,-0.075208,0.223922,0.371270,-0.282298,0.395200
image_from_nao15.png,0.467912,0.032172,-0.527738,0.523136,0.062852,0.977600
image_from_nao_ball_back_leg18.png,0.558418,0.184038,0.072056,0.124296,-0.044528,0.436400
image_from_nao50.png,0.467912,0.032172,-0.527738,0.523136,0.062852,0.977600
image_from_nao_ball_between_up76.png,0.587564,-0.075208,0.223922,0.371270,-0.282298,0.395200
image_from_nao35.png,0.467912,0.032172,-0.527738,0.523136,0.062852,0.977600
image_from_nao_ball_on_the_left76.png,0.656594,0.314159,-0.308376,0.335988,-0.027654,0.273600
image_from_nao_ball_between_up3.png,0.587564,-0.075208,0.223922,0.371270,-0.282298,0.395200
image_from_nao_ball_on_the_right_of_the_guy89.png,0.776246,-0.072140,0.226990,0.960326,-0.589098,0.346400
image_from_nao_ball_back_leg30.png,0.558418,0.184038,0.072056,0.124296,-0.044528,0.436400
image_from_nao_ball_on_the_right71.png,0.694944,-0.092082,0.226990,0.378940,-0.285366,0.268800
image_from_nao94.png,0.467912,0.032172,-0.527738,0.523136,0.062852,0.977600
image_from_nao_ball_overhead80.png,0.498592,-0.239346,-0.282298,1.041628,-0.118160,0.380400
image_from_nao_ball_south_east33.png,0.782382,-0.345192,0.223922,0.934248,-0.421892,0.264800
image_from_nao52.png,0.467912,0.032172,-0.527738,0.523136,0.062852,0.977600
image_from_nao_ball_on_the_rightv28.png,0.575292,-0.069072,-0.363600,0.328318,0.325166,0.250400
image_from_nao_ball_on_the_right28.png,0.694944,-0.092082,0.226990,0.378940,-0.285366,0.268800
image_from_nao_ball_on_the_left55.png,0.656594,0.314159,-0.308376,0.335988,-0.027654,0.273600
image_from_nao_ball_nort_west1.png,0.598302,0.314159,0.079726,0.135034,-0.274628,0.396000
image_from_nao_ball_south_east44.png,0.782382,-0.345192,0.223922,0.934248,-0.421892,0.264800
image_from_nao_ball_on_the_right_of_the_guy25.png,0.776246,-0.072140,0.226990,0.960326,-0.589098,0.346400
image_from_nao_ball_on_the_right_of_the_guy81.png,0.776246,-0.072140,0.226990,0.960326,-0.589098,0.346400
image_from_nao_ball_between_up86.png,0.587564,-0.075208,0.223922,0.371270,-0.282298,0.395200
image_from_nao_ball_on_the_left56.png,0.656594,0.314159,-0.308376,0.335988,-0.027654,0.273600
image_from_nao_ball_overhead51.png,0.498592,-0.239346,-0.282298,1.041628,-0.118160,0.380400
image_from_nao_ball_nort_west67.png,0.598302,0.314159,0.079726,0.135034,-0.274628,0.396000
image_from_nao_ball_between_up40.png,0.587564,-0.075208,0.223922,0.371270,-0.282298,0.395200
image_from_nao_ball_on_the_left37.png,0.656594,0.314159,-0.308376,0.335988,-0.027654,0.273600
image_from_nao_ball_on_the_right_of_the_guy47.png,0.776246,-0.072140,0.226990,0.960326,-0.589098,0.346400
image_from_nao48.png,0.467912,0.032172,-0.527738,0.523136,0.062852,0.977600
image_from_nao_ball_back_leg46.png,0.558418,0.184038,0.072056,0.124296,-0.044528,0.436400
image_from_nao_ball_overhead69.png,0.498592,-0.239346,-0.282298,1.041628,-0.118160,0.380400
image_from_nao_ball_overhead11.png,0.498592,-0.239346,-0.282298,1.041628,-0.118160,0.380400
image_from_nao_ball_on_the_right65.png,0.694944,-0.092082,0.226990,0.378940,-0.285366,0.268800
image_from_nao_ball_south_east17.png,0.782382,-0.345192,0.223922,0.934248,-0.421892,0.264800
image_from_nao_ball_south_east66.png,0.782382,-0.345192,0.223922,0.934248,-0.421892,0.264800
image_from_nao_ball_back_leg47.png,0.558418,0.184038,0.072056,0.124296,-0.044528,0.436400
image_from_nao_ball_on_the_left78.png,0.656594,0.314159,-0.308376,0.335988,-0.027654,0.273600
image_from_nao_ball_back_leg77.png,0.558418,0.184038,0.072056,0.124296,-0.044528,0.436400
image_from_nao71.png,0.467912,0.032172,-0.527738,0.523136,0.062852,0.977600
image_from_nao_ball_overhead54.png,0.498592,-0.239346,-0.282298,1.041628,-0.118160,0.380400
image_from_nao_ball_on_the_right_of_the_guy35.png,0.776246,-0.072140,0.226990,0.960326,-0.589098,0.346400
image_from_nao5.png,0.467912,0.032172,-0.527738,0.523136,0.062852,0.977600
image_from_nao86.png,0.467912,0.032172,-0.527738,0.523136,0.062852,0.977600
image_from_nao_ball_on_the_right91.png,0.694944,-0.092082,0.226990,0.378940,-0.285366,0.268800
image_from_nao_ball_back_leg67.png,0.558418,0.184038,0.072056,0.124296,-0.044528,0.436400
image_from_nao_ball_nort_west11.png,0.598302,0.314159,0.079726,0.135034,-0.274628,0.396000
image_from_nao_ball_overhead27.png,0.498592,-0.239346,-0.282298,1.041628,-0.118160,0.380400
image_from_nao_ball_overhead60.png,0.498592,-0.239346,-0.282298,1.041628,-0.118160,0.380400
image_from_nao_ball_on_the_right93.png,0.694944,-0.092082,0.226990,0.378940,-0.285366,0.268800
image_from_nao_ball_back_leg69.png,0.558418,0.184038,0.072056,0.124296,-0.044528,0.436400
image_from_nao_ball_nort_west93.png,0.598302,0.314159,0.079726,0.135034,-0.274628,0.396000
image_from_nao_ball_nort_west68.png,0.598302,0.314159,0.079726,0.135034,-0.274628,0.396000
image_from_nao_ball_on_the_right30.png,0.694944,-0.092082,0.226990,0.378940,-0.285366,0.268800
image_from_nao_ball_on_the_left50.png,0.656594,0.314159,-0.308376,0.335988,-0.027654,0.273600
image_from_nao_ball_south_east0.png,0.782382,-0.345192,0.223922,0.934248,-0.421892,0.264800
image_from_nao_ball_back_leg53.png,0.558418,0.184038,0.072056,0.124296,-0.044528,0.436400
image_from_nao_ball_back_leg86.png,0.558418,0.184038,0.072056,0.124296,-0.044528,0.436400
image_from_nao_ball_nort_west76.png,0.598302,0.314159,0.079726,0.135034,-0.274628,0.396000
image_from_nao_ball_on_the_right_of_the_guy39.png,0.776246,-0.072140,0.226990,0.960326,-0.589098,0.346400
image_from_nao_ball_between_up87.png,0.587564,-0.075208,0.223922,0.371270,-0.282298,0.395200
image_from_nao_ball_back_leg22.png,0.558418,0.184038,0.072056,0.124296,-0.044528,0.436400
image_from_nao_ball_back_leg31.png,0.558418,0.184038,0.072056,0.124296,-0.044528,0.436400
image_from_nao_ball_on_the_rightv29.png,0.575292,-0.069072,-0.363600,0.328318,0.325166,0.250400
image_from_nao_ball_overhead10.png,0.498592,-0.239346,-0.282298,1.041628,-0.118160,0.380400
image_from_nao_ball_on_the_left41.png,0.656594,0.314159,-0.308376,0.335988,-0.027654,0.273600
image_from_nao_ball_back_leg61.png,0.558418,0.184038,0.072056,0.124296,-0.044528,0.436400
image_from_nao_ball_back_leg83.png,0.558418,0.184038,0.072056,0.124296,-0.044528,0.436400
image_from_nao_ball_between_up59.png,0.587564,-0.075208,0.223922,0.371270,-0.282298,0.395200
image_from_nao_ball_on_the_right_of_the_guy54.png,0.776246,-0.072140,0.226990,0.960326,-0.589098,0.346400
image_from_nao_ball_back_leg93.png,0.558418,0.184038,0.072056,0.124296,-0.044528,0.436400
image_from_nao_ball_on_the_right_of_the_guy55.png,0.776246,-0.072140,0.226990,0.960326,-0.589098,0.346400
image_from_nao_ball_nort_west89.png,0.598302,0.314159,0.079726,0.135034,-0.274628,0.396000
image_from_nao_ball_on_the_right_of_the_guy63.png,0.776246,-0.072140,0.226990,0.960326,-0.589098,0.346400
image_from_nao_ball_on_the_right54.png,0.694944,-0.092082,0.226990,0.378940,-0.285366,0.268800
image_from_nao_ball_between_up37.png,0.587564,-0.075208,0.223922,0.371270,-0.282298,0.395200
image_from_nao_ball_between_up14.png,0.587564,-0.075208,0.223922,0.371270,-0.282298,0.395200
image_from_nao_ball_between_up29.png,0.587564,-0.075208,0.223922,0.371270,-0.282298,0.395200
image_from_nao_ball_on_the_right_of_the_guy58.png,0.776246,-0.072140,0.226990,0.960326,-0.589098,0.346400
image_from_nao_ball_on_the_right_of_the_guy86.png,0.776246,-0.072140,0.226990,0.960326,-0.589098,0.346400
image_from_nao_ball_nort_west88.png,0.598302,0.314159,0.079726,0.135034,-0.274628,0.396000
image_from_nao_ball_overhead78.png,0.498592,-0.239346,-0.282298,1.041628,-0.118160,0.380400
image_from_nao_ball_on_the_left66.png,0.656594,0.314159,-0.308376,0.335988,-0.027654,0.273600
image_from_nao_ball_back_leg16.png,0.558418,0.184038,0.072056,0.124296,-0.044528,0.436400
image_from_nao_ball_overhead18.png,0.498592,-0.239346,-0.282298,1.041628,-0.118160,0.380400
image_from_nao_ball_overhead74.png,0.498592,-0.239346,-0.282298,1.041628,-0.118160,0.380400
image_from_nao_ball_south_east92.png,0.782382,-0.345192,0.223922,0.934248,-0.421892,0.264800
image_from_nao85.png,0.467912,0.032172,-0.527738,0.523136,0.062852,0.977600
image_from_nao_ball_on_the_right_of_the_guy42.png,0.776246,-0.072140,0.226990,0.960326,-0.589098,0.346400
image_from_nao_ball_back_leg75.png,0.558418,0.184038,0.072056,0.124296,-0.044528,0.436400
image_from_nao_ball_nort_west8.png,0.598302,0.314159,0.079726,0.135034,-0.274628,0.396000
image_from_nao_ball_south_east93.png,0.782382,-0.345192,0.223922,0.934248,-0.421892,0.264800
image_from_nao81.png,0.467912,0.032172,-0.527738,0.523136,0.062852,0.977600
image_from_nao_ball_on_the_left20.png,0.656594,0.314159,-0.308376,0.335988,-0.027654,0.273600
image_from_nao_ball_on_the_right77.png,0.694944,-0.092082,0.226990,0.378940,-0.285366,0.268800
image_from_nao_ball_south_east13.png,0.782382,-0.345192,0.223922,0.934248,-0.421892,0.264800
image_from_nao_ball_south_east60.png,0.782382,-0.345192,0.223922,0.934248,-0.421892,0.264800
image_from_nao37.png,0.467912,0.032172,-0.527738,0.523136,0.062852,0.977600
image_from_nao58.png,0.467912,0.032172,-0.527738,0.523136,0.062852,0.977600
image_from_nao63.png,0.467912,0.032172,-0.527738,0.523136,0.062852,0.977600
image_from_nao_ball_nort_west66.png,0.598302,0.314159,0.079726,0.135034,-0.274628,0.396000
image_from_nao_ball_on_the_right73.png,0.694944,-0.092082,0.226990,0.378940,-0.285366,0.268800
image_from_nao_ball_back_leg10.png,0.558418,0.184038,0.072056,0.124296,-0.044528,0.436400
image_from_nao_ball_between_up90.png,0.587564,-0.075208,0.223922,0.371270,-0.282298,0.395200
image_from_nao_ball_on_the_left34.png,0.656594,0.314159,-0.308376,0.335988,-0.027654,0.273600
image_from_nao_ball_nort_west96.png,0.598302,0.314159,0.079726,0.135034,-0.274628,0.396000
image_from_nao_ball_on_the_right34.png,0.694944,-0.092082,0.226990,0.378940,-0.285366,0.268800
image_from_nao_ball_nort_west52.png,0.598302,0.314159,0.079726,0.135034,-0.274628,0.396000
image_from_nao_ball_between_up71.png,0.587564,-0.075208,0.223922,0.371270,-0.282298,0.395200
image_from_nao_ball_on_the_left90.png,0.656594,0.314159,-0.308376,0.335988,-0.027654,0.273600
image_from_nao_ball_on_the_rightv20.png,0.575292,-0.069072,-0.363600,0.328318,0.325166,0.250400
image_from_nao_ball_back_leg64.png,0.558418,0.184038,0.072056,0.124296,-0.044528,0.436400
image_from_nao_ball_overhead56.png,0.498592,-0.239346,-0.282298,1.041628,-0.118160,0.380400
image_from_nao_ball_south_east16.png,0.782382,-0.345192,0.223922,0.934248,-0.421892,0.264800
image_from_nao_ball_on_the_left45.png,0.656594,0.314159,-0.308376,0.335988,-0.027654,0.273600
image_from_nao60.png,0.467912,0.032172,-0.527738,0.523136,0.062852,0.977600
image_from_nao_ball_on_the_left88.png,0.656594,0.314159,-0.308376,0.335988,-0.027654,0.273600
image_from_nao_ball_between_up92.png,0.587564,-0.075208,0.223922,0.371270,-0.282298,0.395200
image_from_nao_ball_overhead21.png,0.498592,-0.239346,-0.282298,1.041628,-0.118160,0.380400
image_from_nao98.png,0.467912,0.032172,-0.527738,0.523136,0.062852,0.977600
image_from_nao_ball_between_up57.png,0.587564,-0.075208,0.223922,0.371270,-0.282298,0.395200
image_from_nao_ball_on_the_left58.png,0.656594,0.314159,-0.308376,0.335988,-0.027654,0.273600
image_from_nao_ball_on_the_right_of_the_guy83.png,0.776246,-0.072140,0.226990,0.960326,-0.589098,0.346400
image_from_nao_ball_on_the_right_of_the_guy82.png,0.776246,-0.072140,0.226990,0.960326,-0.589098,0.346400
image_from_nao68.png,0.467912,0.032172,-0.527738,0.523136,0.062852,0.977600
image_from_nao_ball_on_the_left65.png,0.656594,0.314159,-0.308376,0.335988,-0.027654,0.273600
image_from_nao_ball_back_leg8.png,0.558418,0.184038,0.072056,0.124296,-0.044528,0.436400
image_from_nao_ball_between_up48.png,0.587564,-0.075208,0.223922,0.371270,-0.282298,0.395200
image_from_nao_ball_overhead75.png,0.498592,-0.239346,-0.282298,1.041628,-0.118160,0.380400
image_from_nao_ball_on_the_right_of_the_guy38.png,0.776246,-0.072140,0.226990,0.960326,-0.589098,0.346400
image_from_nao_ball_on_the_right_of_the_guy84.png,0.776246,-0.072140,0.226990,0.960326,-0.589098,0.346400
image_from_nao_ball_between_up22.png,0.587564,-0.075208,0.223922,0.371270,-0.282298,0.395200
image_from_nao_ball_on_the_right20.png,0.694944,-0.092082,0.226990,0.378940,-0.285366,0.268800
image_from_nao_ball_on_the_right35.png,0.694944,-0.092082,0.226990,0.378940,-0.285366,0.268800
image_from_nao_ball_south_east15.png,0.782382,-0.345192,0.223922,0.934248,-0.421892,0.264800
image_from_nao_ball_on_the_rightv22.png,0.575292,-0.069072,-0.363600,0.328318,0.325166,0.250400
image_from_nao_ball_south_east22.png,0.782382,-0.345192,0.223922,0.934248,-0.421892,0.264800
image_from_nao_ball_back_leg15.png,0.558418,0.184038,0.072056,0.124296,-0.044528,0.436400
image_from_nao_ball_between_up35.png,0.587564,-0.075208,0.223922,0.371270,-0.282298,0.395200
image_from_nao_ball_back_leg32.png,0.558418,0.184038,0.072056,0.124296,-0.044528,0.436400
image_from_nao22.png,0.467912,0.032172,-0.527738,0.523136,0.062852,0.977600
image_from_nao76.png,0.467912,0.032172,-0.527738,0.523136,0.062852,0.977600
image_from_nao_ball_overhead19.png,0.498592,-0.239346,-0.282298,1.041628,-0.118160,0.380400
image_from_nao_ball_on_the_left25.png,0.656594,0.314159,-0.308376,0.335988,-0.027654,0.273600
image_from_nao_ball_south_east67.png,0.782382,-0.345192,0.223922,0.934248,-0.421892,0.264800
image_from_nao_ball_back_leg43.png,0.558418,0.184038,0.072056,0.124296,-0.044528,0.436400
image_from_nao_ball_nort_west35.png,0.598302,0.314159,0.079726,0.135034,-0.274628,0.396000
image_from_nao_ball_nort_west57.png,0.598302,0.314159,0.079726,0.135034,-0.274628,0.396000
image_from_nao_ball_on_the_left53.png,0.656594,0.314159,-0.308376,0.335988,-0.027654,0.273600
image_from_nao99.png,0.467912,0.032172,-0.527738,0.523136,0.062852,0.977600
image_from_nao_ball_on_the_left52.png,0.656594,0.314159,-0.308376,0.335988,-0.027654,0.273600
image_from_nao_ball_overhead3.png,0.498592,-0.239346,-0.282298,1.041628,-0.118160,0.380400
image_from_nao78.png,0.467912,0.032172,-0.527738,0.523136,0.062852,0.977600
image_from_nao_ball_nort_west12.png,0.598302,0.314159,0.079726,0.135034,-0.274628,0.396000
image_from_nao_ball_south_east78.png,0.782382,-0.345192,0.223922,0.934248,-0.421892,0.264800
image_from_nao_ball_south_east77.png,0.782382,-0.345192,0.223922,0.934248,-0.421892,0.264800
image_from_nao_ball_on_the_right_of_the_guy32.png,0.776246,-0.072140,0.226990,0.960326,-0.589098,0.346400
image_from_nao_ball_on_the_right_of_the_guy92.png,0.776246,-0.072140,0.226990,0.960326,-0.589098,0.346400
image_from_nao_ball_on_the_right_of_the_guy17.png,0.776246,-0.072140,0.226990,0.960326,-0.589098,0.346400
image_from_nao_ball_south_east52.png,0.782382,-0.345192,0.223922,0.934248,-0.421892,0.264800
image_from_nao_ball_back_leg39.png,0.558418,0.184038,0.072056,0.124296,-0.044528,0.436400
image_from_nao_ball_on_the_right_of_the_guy50.png,0.776246,-0.072140,0.226990,0.960326,-0.589098,0.346400
image_from_nao_ball_on_the_left2.png,0.656594,0.314159,-0.308376,0.335988,-0.027654,0.273600
image_from_nao_ball_on_the_right63.png,0.694944,-0.092082,0.226990,0.378940,-0.285366,0.268800
image_from_nao_ball_on_the_left80.png,0.656594,0.314159,-0.308376,0.335988,-0.027654,0.273600
image_from_nao_ball_overhead86.png,0.498592,-0.239346,-0.282298,1.041628,-0.118160,0.380400
image_from_nao13.png,0.467912,0.032172,-0.527738,0.523136,0.062852,0.977600
image_from_nao_ball_on_the_right66.png,0.694944,-0.092082,0.226990,0.378940,-0.285366,0.268800
image_from_nao_ball_on_the_left48.png,0.656594,0.314159,-0.308376,0.335988,-0.027654,0.273600
image_from_nao_ball_on_the_right_of_the_guy53.png,0.776246,-0.072140,0.226990,0.960326,-0.589098,0.346400
image_from_nao_ball_back_leg63.png,0.558418,0.184038,0.072056,0.124296,-0.044528,0.436400
image_from_nao_ball_overhead76.png,0.498592,-0.239346,-0.282298,1.041628,-0.118160,0.380400
image_from_nao_ball_on_the_right_of_the_guy3.png,0.776246,-0.072140,0.226990,0.960326,-0.589098,0.346400
image_from_nao_ball_on_the_right_of_the_guy71.png,0.776246,-0.072140,0.226990,0.960326,-0.589098,0.346400
image_from_nao_ball_on_the_left6.png,0.656594,0.314159,-0.308376,0.335988,-0.027654,0.273600
image_from_nao67.png,0.467912,0.032172,-0.527738,0.523136,0.062852,0.977600
image_from_nao_ball_south_east57.png,0.782382,-0.345192,0.223922,0.934248,-0.421892,0.264800
image_from_nao_ball_nort_west15.png,0.598302,0.314159,0.079726,0.135034,-0.274628,0.396000
image_from_nao_ball_on_the_right12.png,0.694944,-0.092082,0.226990,0.378940,-0.285366,0.268800
image_from_nao_ball_on_the_right94.png,0.694944,-0.092082,0.226990,0.378940,-0.285366,0.268800
image_from_nao_ball_overhead93.png,0.498592,-0.239346,-0.282298,1.041628,-0.118160,0.380400
image_from_nao_ball_overhead68.png,0.498592,-0.239346,-0.282298,1.041628,-0.118160,0.380400
image_from_nao_ball_on_the_left40.png,0.656594,0.314159,-0.308376,0.335988,-0.027654,0.273600
image_from_nao_ball_south_east11.png,0.782382,-0.345192,0.223922,0.934248,-0.421892,0.264800
image_from_nao_ball_south_east75.png,0.782382,-0.345192,0.223922,0.934248,-0.421892,0.264800
image_from_nao0.png,0.467912,0.032172,-0.527738,0.523136,0.062852,0.977600
image_from_nao_ball_overhead72.png,0.498592,-0.239346,-0.282298,1.041628,-0.118160,0.380400
image_from_nao_ball_overhead44.png,0.498592,-0.239346,-0.282298,1.041628,-0.118160,0.380400
image_from_nao_ball_on_the_rightv21.png,0.575292,-0.069072,-0.363600,0.328318,0.325166,0.250400
image_from_nao_ball_between_up67.png,0.587564,-0.075208,0.223922,0.371270,-0.282298,0.395200
image_from_nao_ball_on_the_right_of_the_guy23.png,0.776246,-0.072140,0.226990,0.960326,-0.589098,0.346400
image_from_nao_ball_overhead67.png,0.498592,-0.239346,-0.282298,1.041628,-0.118160,0.380400
image_from_nao_ball_nort_west17.png,0.598302,0.314159,0.079726,0.135034,-0.274628,0.396000
image_from_nao_ball_back_leg96.png,0.558418,0.184038,0.072056,0.124296,-0.044528,0.436400
image_from_nao_ball_south_east69.png,0.782382,-0.345192,0.223922,0.934248,-0.421892,0.264800
image_from_nao_ball_on_the_left67.png,0.656594,0.314159,-0.308376,0.335988,-0.027654,0.273600
image_from_nao_ball_nort_west74.png,0.598302,0.314159,0.079726,0.135034,-0.274628,0.396000
image_from_nao_ball_nort_west63.png,0.598302,0.314159,0.079726,0.135034,-0.274628,0.396000
image_from_nao56.png,0.467912,0.032172,-0.527738,0.523136,0.062852,0.977600
image_from_nao_ball_overhead40.png,0.498592,-0.239346,-0.282298,1.041628,-0.118160,0.380400
image_from_nao_ball_on_the_left64.png,0.656594,0.314159,-0.308376,0.335988,-0.027654,0.273600
image_from_nao_ball_on_the_right_of_the_guy64.png,0.776246,-0.072140,0.226990,0.960326,-0.589098,0.346400
image_from_nao_ball_nort_west23.png,0.598302,0.314159,0.079726,0.135034,-0.274628,0.396000
image_from_nao_ball_overhead29.png,0.498592,-0.239346,-0.282298,1.041628,-0.118160,0.380400
image_from_nao_ball_on_the_right43.png,0.694944,-0.092082,0.226990,0.378940,-0.285366,0.268800
image_from_nao_ball_back_leg97.png,0.558418,0.184038,0.072056,0.124296,-0.044528,0.436400
image_from_nao_ball_on_the_right_of_the_guy70.png,0.776246,-0.072140,0.226990,0.960326,-0.589098,0.346400
image_from_nao_ball_between_up60.png,0.587564,-0.075208,0.223922,0.371270,-0.282298,0.395200
image_from_nao61.png,0.467912,0.032172,-0.527738,0.523136,0.062852,0.977600
image_from_nao_ball_on_the_right21.png,0.694944,-0.092082,0.226990,0.378940,-0.285366,0.268800
image_from_nao95.png,0.467912,0.032172,-0.527738,0.523136,0.062852,0.977600
image_from_nao_ball_on_the_right9.png,0.694944,-0.092082,0.226990,0.378940,-0.285366,0.268800
image_from_nao_ball_nort_west46.png,0.598302,0.314159,0.079726,0.135034,-0.274628,0.396000
image_from_nao_ball_overhead49.png,0.498592,-0.239346,-0.282298,1.041628,-0.118160,0.380400
image_from_nao_ball_south_east20.png,0.782382,-0.345192,0.223922,0.934248,-0.421892,0.264800
image_from_nao_ball_nort_west58.png,0.598302,0.314159,0.079726,0.135034,-0.274628,0.396000
image_from_nao_ball_nort_west71.png,0.598302,0.314159,0.079726,0.135034,-0.274628,0.396000
image_from_nao_ball_back_leg42.png,0.558418,0.184038,0.072056,0.124296,-0.044528,0.436400
image_from_nao_ball_on_the_right_of_the_guy78.png,0.776246,-0.072140,0.226990,0.960326,-0.589098,0.346400
image_from_nao_ball_overhead65.png,0.498592,-0.239346,-0.282298,1.041628,-0.118160,0.380400
image_from_nao_ball_between_up4.png,0.587564,-0.075208,0.223922,0.371270,-0.282298,0.395200
image_from_nao_ball_south_east42.png,0.782382,-0.345192,0.223922,0.934248,-0.421892,0.264800
image_from_nao_ball_on_the_left93.png,0.656594,0.314159,-0.308376,0.335988,-0.027654,0.273600
image_from_nao_ball_on_the_left71.png,0.656594,0.314159,-0.308376,0.335988,-0.027654,0.273600
image_from_nao_ball_on_the_left11.png,0.656594,0.314159,-0.308376,0.335988,-0.027654,0.273600
image_from_nao_ball_on_the_right_of_the_guy98.png,0.776246,-0.072140,0.226990,0.960326,-0.589098,0.346400
image_from_nao_ball_on_the_right_of_the_guy29.png,0.776246,-0.072140,0.226990,0.960326,-0.589098,0.346400
image_from_nao_ball_overhead92.png,0.498592,-0.239346,-0.282298,1.041628,-0.118160,0.380400
image_from_nao_ball_overhead91.png,0.498592,-0.239346,-0.282298,1.041628,-0.118160,0.380400
image_from_nao_ball_between_up85.png,0.587564,-0.075208,0.223922,0.371270,-0.282298,0.395200
image_from_nao_ball_south_east2.png,0.782382,-0.345192,0.223922,0.934248,-0.421892,0.264800
image_from_nao_ball_on_the_right_of_the_guy12.png,0.776246,-0.072140,0.226990,0.960326,-0.589098,0.346400
image_from_nao_ball_on_the_left15.png,0.656594,0.314159,-0.308376,0.335988,-0.027654,0.273600
image_from_nao27.png,0.467912,0.032172,-0.527738,0.523136,0.062852,0.977600
image_from_nao_ball_on_the_left8.png,0.656594,0.314159,-0.308376,0.335988,-0.027654,0.273600
image_from_nao_ball_back_leg78.png,0.558418,0.184038,0.072056,0.124296,-0.044528,0.436400
image_from_nao_ball_south_east83.png,0.782382,-0.345192,0.223922,0.934248,-0.421892,0.264800
image_from_nao_ball_nort_west65.png,0.598302,0.314159,0.079726,0.135034,-0.274628,0.396000
image_from_nao_ball_between_up25.png,0.587564,-0.075208,0.223922,0.371270,-0.282298,0.395200
image_from_nao_ball_on_the_right64.png,0.694944,-0.092082,0.226990,0.378940,-0.285366,0.268800
image_from_nao12.png,0.467912,0.032172,-0.527738,0.523136,0.062852,0.977600
image_from_nao_ball_between_up88.png,0.587564,-0.075208,0.223922,0.371270,-0.282298,0.395200
image_from_nao_ball_on_the_right_of_the_guy40.png,0.776246,-0.072140,0.226990,0.960326,-0.589098,0.346400
image_from_nao44.png,0.467912,0.032172,-0.527738,0.523136,0.062852,0.977600
image_from_nao_ball_on_the_right_of_the_guy27.png,0.776246,-0.072140,0.226990,0.960326,-0.589098,0.346400
image_from_nao_ball_on_the_right81.png,0.694944,-0.092082,0.226990,0.378940,-0.285366,0.268800
image_from_nao_ball_on_the_right_of_the_guy59.png,0.776246,-0.072140,0.226990,0.960326,-0.589098,0.346400
image_from_nao_ball_south_east21.png,0.782382,-0.345192,0.223922,0.934248,-0.421892,0.264800
image_from_nao_ball_nort_west83.png,0.598302,0.314159,0.079726,0.135034,-0.274628,0.396000
image_from_nao_ball_overhead34.png,0.498592,-0.239346,-0.282298,1.041628,-0.118160,0.380400
image_from_nao_ball_south_east65.png,0.782382,-0.345192,0.223922,0.934248,-0.421892,0.264800
image_from_nao_ball_nort_west45.png,0.598302,0.314159,0.079726,0.135034,-0.274628,0.396000
image_from_nao_ball_between_up0.png,0.587564,-0.075208,0.223922,0.371270,-0.282298,0.395200
image_from_nao69.png,0.467912,0.032172,-0.527738,0.523136,0.062852,0.977600
image_from_nao_ball_nort_west19.png,0.598302,0.314159,0.079726,0.135034,-0.274628,0.396000
image_from_nao_ball_on_the_right_of_the_guy30.png,0.776246,-0.072140,0.226990,0.960326,-0.589098,0.346400
image_from_nao_ball_back_leg80.png,0.558418,0.184038,0.072056,0.124296,-0.044528,0.436400
image_from_nao_ball_on_the_left79.png,0.656594,0.314159,-0.308376,0.335988,-0.027654,0.273600
image_from_nao_ball_back_leg70.png,0.558418,0.184038,0.072056,0.124296,-0.044528,0.436400
image_from_nao_ball_between_up21.png,0.587564,-0.075208,0.223922,0.371270,-0.282298,0.395200
image_from_nao_ball_on_the_left96.png,0.656594,0.314159,-0.308376,0.335988,-0.027654,0.273600
image_from_nao49.png,0.467912,0.032172,-0.527738,0.523136,0.062852,0.977600
image_from_nao_ball_on_the_left63.png,0.656594,0.314159,-0.308376,0.335988,-0.027654,0.273600
image_from_nao_ball_on_the_right55.png,0.694944,-0.092082,0.226990,0.378940,-0.285366,0.268800
image_from_nao_ball_on_the_right84.png,0.694944,-0.092082,0.226990,0.378940,-0.285366,0.268800
image_from_nao_ball_back_leg14.png,0.558418,0.184038,0.072056,0.124296,-0.044528,0.436400
image_from_nao_ball_nort_west2.png,0.598302,0.314159,0.079726,0.135034,-0.274628,0.396000
image_from_nao_ball_back_leg98.png,0.558418,0.184038,0.072056,0.124296,-0.044528,0.436400
image_from_nao75.png,0.467912,0.032172,-0.527738,0.523136,0.062852,0.977600
image_from_nao_ball_south_east9.png,0.782382,-0.345192,0.223922,0.934248,-0.421892,0.264800
image_from_nao_ball_nort_west49.png,0.598302,0.314159,0.079726,0.135034,-0.274628,0.396000
image_from_nao_ball_south_east40.png,0.782382,-0.345192,0.223922,0.934248,-0.421892,0.264800
image_from_nao_ball_back_leg11.png,0.558418,0.184038,0.072056,0.124296,-0.044528,0.436400
image_from_nao_ball_on_the_right_of_the_guy79.png,0.776246,-0.072140,0.226990,0.960326,-0.589098,0.346400
image_from_nao_ball_between_up28.png,0.587564,-0.075208,0.223922,0.371270,-0.282298,0.395200
image_from_nao_ball_south_east34.png,0.782382,-0.345192,0.223922,0.934248,-0.421892,0.264800
image_from_nao_ball_between_up44.png,0.587564,-0.075208,0.223922,0.371270,-0.282298,0.395200
image_from_nao_ball_between_up43.png,0.587564,-0.075208,0.223922,0.371270,-0.282298,0.395200
image_from_nao_ball_on_the_right27.png,0.694944,-0.092082,0.226990,0.378940,-0.285366,0.268800
image_from_nao_ball_overhead59.png,0.498592,-0.239346,-0.282298,1.041628,-0.118160,0.380400
image_from_nao_ball_nort_west34.png,0.598302,0.314159,0.079726,0.135034,-0.274628,0.396000
image_from_nao_ball_overhead58.png,0.498592,-0.239346,-0.282298,1.041628,-0.118160,0.380400
image_from_nao_ball_on_the_left87.png,0.656594,0.314159,-0.308376,0.335988,-0.027654,0.273600
image_from_nao_ball_on_the_left10.png,0.656594,0.314159,-0.308376,0.335988,-0.027654,0.273600
image_from_nao_ball_on_the_right7.png,0.694944,-0.092082,0.226990,0.378940,-0.285366,0.268800
image_from_nao_ball_on_the_right_of_the_guy77.png,0.776246,-0.072140,0.226990,0.960326,-0.589098,0.346400
image_from_nao_ball_on_the_left68.png,0.656594,0.314159,-0.308376,0.335988,-0.027654,0.273600
image_from_nao_ball_south_east18.png,0.782382,-0.345192,0.223922,0.934248,-0.421892,0.264800
image_from_nao_ball_south_east35.png,0.782382,-0.345192,0.223922,0.934248,-0.421892,0.264800
image_from_nao59.png,0.467912,0.032172,-0.527738,0.523136,0.062852,0.977600
image_from_nao_ball_overhead39.png,0.498592,-0.239346,-0.282298,1.041628,-0.118160,0.380400
image_from_nao_ball_on_the_right23.png,0.694944,-0.092082,0.226990,0.378940,-0.285366,0.268800
image_from_nao_ball_overhead31.png,0.498592,-0.239346,-0.282298,1.041628,-0.118160,0.380400
image_from_nao_ball_on_the_right_of_the_guy21.png,0.776246,-0.072140,0.226990,0.960326,-0.589098,0.346400
image_from_nao_ball_south_east47.png,0.782382,-0.345192,0.223922,0.934248,-0.421892,0.264800
image_from_nao23.png,0.467912,0.032172,-0.527738,0.523136,0.062852,0.977600
image_from_nao_ball_south_east56.png,0.782382,-0.345192,0.223922,0.934248,-0.421892,0.264800
image_from_nao_ball_back_leg88.png,0.558418,0.184038,0.072056,0.124296,-0.044528,0.436400
image_from_nao_ball_south_east14.png,0.782382,-0.345192,0.223922,0.934248,-0.421892,0.264800
image_from_nao_ball_on_the_right_of_the_guy93.png,0.776246,-0.072140,0.226990,0.960326,-0.589098,0.346400
image_from_nao_ball_nort_west43.png,0.598302,0.314159,0.079726,0.135034,-0.274628,0.396000
image_from_nao_ball_nort_west64.png,0.598302,0.314159,0.079726,0.135034,-0.274628,0.396000
image_from_nao_ball_south_east82.png,0.782382,-0.345192,0.223922,0.934248,-0.421892,0.264800
image_from_nao_ball_on_the_right37.png,0.694944,-0.092082,0.226990,0.378940,-0.285366,0.268800
image_from_nao_ball_back_leg37.png,0.558418,0.184038,0.072056,0.124296,-0.044528,0.436400
image_from_nao_ball_nort_west75.png,0.598302,0.314159,0.079726,0.135034,-0.274628,0.396000
image_from_nao_ball_between_up5.png,0.587564,-0.075208,0.223922,0.371270,-0.282298,0.395200
image_from_nao_ball_overhead85.png,0.498592,-0.239346,-0.282298,1.041628,-0.118160,0.380400
image_from_nao_ball_overhead97.png,0.498592,-0.239346,-0.282298,1.041628,-0.118160,0.380400
image_from_nao_ball_overhead81.png,0.498592,-0.239346,-0.282298,1.041628,-0.118160,0.380400
image_from_nao_ball_on_the_right_of_the_guy66.png,0.776246,-0.072140,0.226990,0.960326,-0.589098,0.346400
image_from_nao_ball_south_east10.png,0.782382,-0.345192,0.223922,0.934248,-0.421892,0.264800
image_from_nao77.png,0.467912,0.032172,-0.527738,0.523136,0.062852,0.977600
image_from_nao_ball_south_east84.png,0.782382,-0.345192,0.223922,0.934248,-0.421892,0.264800
image_from_nao_ball_on_the_right_of_the_guy80.png,0.776246,-0.072140,0.226990,0.960326,-0.589098,0.346400
image_from_nao_ball_between_up10.png,0.587564,-0.075208,0.223922,0.371270,-0.282298,0.395200
image_from_nao_ball_between_up6.png,0.587564,-0.075208,0.223922,0.371270,-0.282298,0.395200
image_from_nao_ball_south_east71.png,0.782382,-0.345192,0.223922,0.934248,-0.421892,0.264800
image_from_nao42.png,0.467912,0.032172,-0.527738,0.523136,0.062852,0.977600
image_from_nao_ball_nort_west73.png,0.598302,0.314159,0.079726,0.135034,-0.274628,0.396000
image_from_nao_ball_on_the_right48.png,0.694944,-0.092082,0.226990,0.378940,-0.285366,0.268800
image_from_nao_ball_nort_west70.png,0.598302,0.314159,0.079726,0.135034,-0.274628,0.396000
image_from_nao_ball_overhead57.png,0.498592,-0.239346,-0.282298,1.041628,-0.118160,0.380400
image_from_nao_ball_back_leg92.png,0.558418,0.184038,0.072056,0.124296,-0.044528,0.436400
image_from_nao_ball_on_the_right_of_the_guy0.png,0.776246,-0.072140,0.226990,0.960326,-0.589098,0.346400
image_from_nao_ball_between_up31.png,0.587564,-0.075208,0.223922,0.371270,-0.282298,0.395200
image_from_nao_ball_between_up39.png,0.587564,-0.075208,0.223922,0.371270,-0.282298,0.395200
image_from_nao_ball_between_up32.png,0.587564,-0.075208,0.223922,0.371270,-0.282298,0.395200
image_from_nao_ball_on_the_right_of_the_guy7.png,0.776246,-0.072140,0.226990,0.960326,-0.589098,0.346400
image_from_nao_ball_south_east86.png,0.782382,-0.345192,0.223922,0.934248,-0.421892,0.264800
image_from_nao_ball_overhead7.png,0.498592,-0.239346,-0.282298,1.041628,-0.118160,0.380400
image_from_nao_ball_on_the_right_of_the_guy19.png,0.776246,-0.072140,0.226990,0.960326,-0.589098,0.346400
image_from_nao_ball_back_leg38.png,0.558418,0.184038,0.072056,0.124296,-0.044528,0.436400
image_from_nao_ball_back_leg99.png,0.558418,0.184038,0.072056,0.124296,-0.044528,0.436400
image_from_nao_ball_overhead82.png,0.498592,-0.239346,-0.282298,1.041628,-0.118160,0.380400
image_from_nao_ball_south_east88.png,0.782382,-0.345192,0.223922,0.934248,-0.421892,0.264800
image_from_nao_ball_overhead16.png,0.498592,-0.239346,-0.282298,1.041628,-0.118160,0.380400
image_from_nao_ball_south_east89.png,0.782382,-0.345192,0.223922,0.934248,-0.421892,0.264800
image_from_nao_ball_on_the_right2.png,0.694944,-0.092082,0.226990,0.378940,-0.285366,0.268800
image_from_nao_ball_on_the_rightv27.png,0.575292,-0.069072,-0.363600,0.328318,0.325166,0.250400
image_from_nao_ball_between_up19.png,0.587564,-0.075208,0.223922,0.371270,-0.282298,0.395200
image_from_nao_ball_between_up62.png,0.587564,-0.075208,0.223922,0.371270,-0.282298,0.395200
image_from_nao_ball_on_the_right75.png,0.694944,-0.092082,0.226990,0.378940,-0.285366,0.268800
image_from_nao_ball_on_the_left18.png,0.656594,0.314159,-0.308376,0.335988,-0.027654,0.273600
image_from_nao18.png,0.467912,0.032172,-0.527738,0.523136,0.062852,0.977600
image_from_nao_ball_nort_west39.png,0.598302,0.314159,0.079726,0.135034,-0.274628,0.396000
image_from_nao_ball_between_up58.png,0.587564,-0.075208,0.223922,0.371270,-0.282298,0.395200
image_from_nao_ball_south_east51.png,0.782382,-0.345192,0.223922,0.934248,-0.421892,0.264800
image_from_nao_ball_back_leg25.png,0.558418,0.184038,0.072056,0.124296,-0.044528,0.436400
image_from_nao32.png,0.467912,0.032172,-0.527738,0.523136,0.062852,0.977600
image_from_nao_ball_south_east58.png,0.782382,-0.345192,0.223922,0.934248,-0.421892,0.264800
image_from_nao_ball_back_leg84.png,0.558418,0.184038,0.072056,0.124296,-0.044528,0.436400
image_from_nao_ball_on_the_left82.png,0.656594,0.314159,-0.308376,0.335988,-0.027654,0.273600
image_from_nao_ball_overhead36.png,0.498592,-0.239346,-0.282298,1.041628,-0.118160,0.380400
image_from_nao_ball_between_up72.png,0.587564,-0.075208,0.223922,0.371270,-0.282298,0.395200
image_from_nao_ball_south_east80.png,0.782382,-0.345192,0.223922,0.934248,-0.421892,0.264800
image_from_nao_ball_south_east24.png,0.782382,-0.345192,0.223922,0.934248,-0.421892,0.264800
image_from_nao_ball_overhead12.png,0.498592,-0.239346,-0.282298,1.041628,-0.118160,0.380400
image_from_nao_ball_south_east48.png,0.782382,-0.345192,0.223922,0.934248,-0.421892,0.264800
image_from_nao_ball_on_the_left14.png,0.656594,0.314159,-0.308376,0.335988,-0.027654,0.273600
image_from_nao_ball_on_the_right25.png,0.694944,-0.092082,0.226990,0.378940,-0.285366,0.268800
image_from_nao_ball_between_up46.png,0.587564,-0.075208,0.223922,0.371270,-0.282298,0.395200
image_from_nao_ball_back_leg50.png,0.558418,0.184038,0.072056,0.124296,-0.044528,0.436400
image_from_nao_ball_between_up16.png,0.587564,-0.075208,0.223922,0.371270,-0.282298,0.395200
image_from_nao_ball_on_the_right_of_the_guy18.png,0.776246,-0.072140,0.226990,0.960326,-0.589098,0.346400
image_from_nao_ball_south_east1.png,0.782382,-0.345192,0.223922,0.934248,-0.421892,0.264800
image_from_nao_ball_on_the_right49.png,0.694944,-0.092082,0.226990,0.378940,-0.285366,0.268800
image_from_nao_ball_on_the_right_of_the_guy52.png,0.776246,-0.072140,0.226990,0.960326,-0.589098,0.346400
image_from_nao_ball_overhead33.png,0.498592,-0.239346,-0.282298,1.041628,-0.118160,0.380400
image_from_nao_ball_overhead30.png,0.498592,-0.239346,-0.282298,1.041628,-0.118160,0.380400
image_from_nao_ball_on_the_right_of_the_guy99.png,0.776246,-0.072140,0.226990,0.960326,-0.589098,0.346400
image_from_nao_ball_on_the_left98.png,0.656594,0.314159,-0.308376,0.335988,-0.027654,0.273600
image_from_nao_ball_back_leg7.png,0.558418,0.184038,0.072056,0.124296,-0.044528,0.436400
image_from_nao_ball_on_the_right15.png,0.694944,-0.092082,0.226990,0.378940,-0.285366,0.268800
image_from_nao_ball_on_the_left22.png,0.656594,0.314159,-0.308376,0.335988,-0.027654,0.273600
image_from_nao_ball_between_up95.png,0.587564,-0.075208,0.223922,0.371270,-0.282298,0.395200
image_from_nao_ball_nort_west6.png,0.598302,0.314159,0.079726,0.135034,-0.274628,0.396000
image_from_nao_ball_back_leg73.png,0.558418,0.184038,0.072056,0.124296,-0.044528,0.436400
image_from_nao_ball_back_leg76.png,0.558418,0.184038,0.072056,0.124296,-0.044528,0.436400
image_from_nao_ball_nort_west3.png,0.598302,0.314159,0.079726,0.135034,-0.274628,0.396000
image_from_nao_ball_on_the_right61.png,0.694944,-0.092082,0.226990,0.378940,-0.285366,0.268800
image_from_nao_ball_south_east55.png,0.782382,-0.345192,0.223922,0.934248,-0.421892,0.264800
image_from_nao14.png,0.467912,0.032172,-0.527738,0.523136,0.062852,0.977600
image_from_nao_ball_on_the_left91.png,0.656594,0.314159,-0.308376,0.335988,-0.027654,0.273600
image_from_nao_ball_on_the_right26.png,0.694944,-0.092082,0.226990,0.378940,-0.285366,0.268800
image_from_nao_ball_between_up38.png,0.587564,-0.075208,0.223922,0.371270,-0.282298,0.395200
image_from_nao_ball_on_the_right18.png,0.694944,-0.092082,0.226990,0.378940,-0.285366,0.268800
image_from_nao_ball_back_leg90.png,0.558418,0.184038,0.072056,0.124296,-0.044528,0.436400
image_from_nao_ball_on_the_right_of_the_guy91.png,0.776246,-0.072140,0.226990,0.960326,-0.589098,0.346400
image_from_nao_ball_between_up36.png,0.587564,-0.075208,0.223922,0.371270,-0.282298,0.395200
image_from_nao_ball_on_the_right1.png,0.694944,-0.092082,0.226990,0.378940,-0.285366,0.268800
image_from_nao_ball_on_the_right82.png,0.694944,-0.092082,0.226990,0.378940,-0.285366,0.268800
image_from_nao_ball_back_leg29.png,0.558418,0.184038,0.072056,0.124296,-0.044528,0.436400
image_from_nao_ball_south_east37.png,0.782382,-0.345192,0.223922,0.934248,-0.421892,0.264800
image_from_nao_ball_overhead64.png,0.498592,-0.239346,-0.282298,1.041628,-0.118160,0.380400
image_from_nao_ball_on_the_right46.png,0.694944,-0.092082,0.226990,0.378940,-0.285366,0.268800
image_from_nao_ball_on_the_right57.png,0.694944,-0.092082,0.226990,0.378940,-0.285366,0.268800
image_from_nao29.png,0.467912,0.032172,-0.527738,0.523136,0.062852,0.977600
image_from_nao_ball_nort_west5.png,0.598302,0.314159,0.079726,0.135034,-0.274628,0.396000
image_from_nao_ball_on_the_left29.png,0.656594,0.314159,-0.308376,0.335988,-0.027654,0.273600
image_from_nao_ball_overhead50.png,0.498592,-0.239346,-0.282298,1.041628,-0.118160,0.380400
image_from_nao_ball_on_the_right_of_the_guy15.png,0.776246,-0.072140,0.226990,0.960326,-0.589098,0.346400
image_from_nao_ball_back_leg48.png,0.558418,0.184038,0.072056,0.124296,-0.044528,0.436400
image_from_nao_ball_back_leg79.png,0.558418,0.184038,0.072056,0.124296,-0.044528,0.436400
image_from_nao_ball_south_east39.png,0.782382,-0.345192,0.223922,0.934248,-0.421892,0.264800
image_from_nao_ball_on_the_left28.png,0.656594,0.314159,-0.308376,0.335988,-0.027654,0.273600
image_from_nao_ball_nort_west10.png,0.598302,0.314159,0.079726,0.135034,-0.274628,0.396000
image_from_nao36.png,0.467912,0.032172,-0.527738,0.523136,0.062852,0.977600
image_from_nao_ball_south_east29.png,0.782382,-0.345192,0.223922,0.934248,-0.421892,0.264800
image_from_nao_ball_south_east3.png,0.782382,-0.345192,0.223922,0.934248,-0.421892,0.264800
image_from_nao_ball_on_the_left99.png,0.656594,0.314159,-0.308376,0.335988,-0.027654,0.273600
image_from_nao_ball_nort_west0.png,0.598302,0.314159,0.079726,0.135034,-0.274628,0.396000
image_from_nao_ball_south_east26.png,0.782382,-0.345192,0.223922,0.934248,-0.421892,0.264800
image_from_nao46.png,0.467912,0.032172,-0.527738,0.523136,0.062852,0.977600
